label,trial,commanded_grasp_height_m,pad_offset_vs_com_mm,pad_face_engaged_mm,twist_max_deg,slip_max_mm,a_integral_mps,a_pad_peak_mps2,a_pad_rms_mps2,a_peak_mps2,a_rms_mps2,a_samples,carry_duration_s,engaged_centroid_vs_com_mm,final_z,finger_tip_above_surface_mm,lift_m,measured,model,mu,note,pad_centre_above_surface_mm,pad_dist_drift_mm,pad_lateral_x_mm,pad_separation_mm_mean,pad_separation_mm_range,part_com_above_surface_mm,pick_reported_holding,pick_succeeded,place_err_at_release_m,place_succeeded,plugin_can_fire,predicted_offset_vs_com_mm,q_at_stall_rad,slip_final_mm,slip_rate_mm_per_s,twist_final_deg,usable,v_max_carry_mps,v_max_whole_trial_mps,wall_s,window,z_min_during_carry,z_rest
corrected,1,0.0058,0.16549349095151822,37.50000000000001,0.7751524744754467,2.5429051971874252,0.6127514477631367,0.1201612213313668,0.05046534281463666,0.14214206119647735,0.05069088747213242,1721,12.088000000000001,0.16449349095151028,0.025,5.162924372628885,0.132073,True,probe_part_corrected_001,1.0,,25.16449349095151,1.5858025519050045,0.08668724861521371,101.5678656054095,0.799829321928101,24.998999999999995,True,True,0.0008414618232575717,True,False,0.04989405803009633,0.407322058514374,2.5429051971874252,0.215168802639635,0.5350961072453014,True,0.19365474432598379,3.3024194518731695,64.4,grasp-to-release,0.624999,0.624999
corrected,2,0.0058,0.16416371182870204,37.50000000000001,0.9048938046117413,2.403064246072447,0.5719897422688768,0.11999429246640153,0.04742016316560089,0.12064760087088518,0.047440469625020874,1355,12.057000000000002,0.22816371182867584,0.625,5.216097030273814,0.13205200000000006,True,probe_part_corrected_002,1.0,,25.228163711828678,1.5620312301654735,0.0025720264544282223,101.48787403115105,0.8548255692982707,25.063999999999975,True,True,0.0007143514541176195,True,False,-0.07648360661834802,0.4153728754934928,2.3985187266627848,0.1850807399307388,0.5923380864496014,True,0.1947590658994906,0.6604111176311831,49.8,grasp-to-release,0.62506,0.624999
corrected,3,0.0058,0.16558984541859,37.50000000000001,4.527890886983304,2.2306855948316655,0.6154678054209736,0.12049006241196036,0.047225112242253765,0.30806003378520336,0.05094932164080914,1602,12.079999999999984,0.24258984541860457,0.624998,5.228096759420486,0.132764,True,probe_part_corrected_003,1.0,,25.242589845418607,1.2366354752487752,-0.005306957083173192,101.5483727197253,0.7320535151521312,25.077000000000016,True,True,0.0012718058027859345,True,False,-0.07358297900302707,0.41518561937944237,2.2302372339094387,0.18115732913798746,4.42407393426042,True,0.19551996203854055,0.6787355027198745,58.1,grasp-to-release,0.625049,0.624999
corrected,4,0.0058,0.2174129799059621,37.50000000000001,7.576852354177437,3.701161392675369,0.643838523741853,0.11943746362674106,0.048195000082323566,0.22599477877764887,0.053165856626082066,1523,12.109999999999985,0.2534129799060189,0.025,5.240096759420387,0.13261,True,probe_part_corrected_004,1.0,,25.25341297990602,1.2724322615456458,0.005213904242074019,101.65504351547064,0.8502589785259715,25.036000000000058,True,True,0.003386595931019819,True,False,-0.07858357253714282,0.41550851781980425,3.701161392675369,0.2743104559978751,7.576852354177437,True,0.18645586642303588,3.3173386358644734,60.1,grasp-to-release,0.625036,0.624999
corrected,5,0.0058,0.258318311063932,37.50000000000001,10.344133834367828,2.7398707502583,0.6695250593169804,0.12038467094682048,0.046906987530148644,0.33398874543526547,0.05536467868328614,1513,12.093000000000018,0.2543183110639488,0.025,5.243096528097069,0.13287800000000005,True,probe_part_corrected_005,1.0,,25.25431831106395,1.029088649505539,0.0006491927557195076,101.33065511460502,1.5478804217915325,24.996000000000016,True,True,0.0036231925148962375,True,False,0.051724132316820215,0.40720705084357234,2.7398707502583,0.28227868006296847,9.934342976553854,True,0.21428339879599126,3.2642806342535904,55.0,grasp-to-release,0.624997,0.624999
corrected,6,0.0058,0.2759410114188121,37.50000000000001,14.202930260846959,2.661575281410912,0.6580778215537214,0.11849276890764697,0.04790424452563223,0.23876244510056116,0.054716705874592216,1756,12.027000000000015,0.2759410114188329,0.025,5.269096613013224,0.13363900000000006,True,probe_part_corrected_006,1.0,,25.275941011418833,0.5016223346664361,0.08329498725440088,101.1921983748605,1.5583856342804978,25.00000000000002,True,True,0.00026425177388243336,True,False,0.06901576762969458,0.40612254145074855,0.38109100013168834,0.19871253514971826,14.192721324855304,True,0.19610605124097946,3.2867552532418802,62.3,grasp-to-release,0.624998,0.624999
corrected,7,0.0058,0.20196468598399075,37.50000000000001,5.0692150833624625,2.685414091642136,0.6412475527592303,0.12029537704501742,0.0478133183009745,0.25726234867893577,0.05313178828065535,1668,12.069000000000017,0.20096468598398282,0.025,5.192096920468403,0.13324400000000003,True,probe_part_corrected_007,1.0,,25.200964685983983,0.8425583732632731,0.026574203559781573,101.58086444649891,0.8457636046268107,24.998999999999995,True,True,0.0023705022674530545,True,False,0.05476673923274916,0.4070159405550782,2.4534104371746612,0.12279364126084026,4.817594607642612,True,0.1951681966910484,3.2787255051676474,56.5,grasp-to-release,0.624998,0.624999
corrected,8,0.0058,0.20343063553962537,37.5,9.567311526808105,3.165576976606472,0.6247462215604921,0.11815598930679218,0.04878904922153228,0.17668947492592257,0.05185907043749405,1470,12.047000000000025,0.2754306355396037,0.025,5.259924455592868,0.13326400000000005,True,probe_part_corrected_008,1.0,,25.275430635539607,1.0721497045744712,0.006429749042524691,101.54547840618419,0.9437237837657619,25.07199999999998,True,True,0.002930471805017032,True,False,-0.10302622468948835,0.41709197362223355,3.1548878687815436,0.26204639839021215,7.585528625049766,True,0.2090200533822226,3.260779655238811,49.5,grasp-to-release,0.625063,0.624999
corrected,9,0.0058,0.2590096054804203,37.50000000000001,19.36335726472719,6.284826940604824,0.8314868272464953,0.12091362280456733,0.04804462971545926,0.5228862098361088,0.06876907015519797,1369,12.090999999999951,0.26800960548047786,0.025,5.255097033201928,0.13355800000000007,True,probe_part_corrected_009,1.0,,25.26800960548048,1.502600791577791,-0.020461812104188848,101.56005366382566,1.1311599506685468,25.009000000000057,True,True,0.005497823296542004,True,False,-0.07613007608466699,0.41535004619217863,6.181034282509363,0.1712710271649004,19.214349901290753,True,0.23581098362770947,3.221548539999737,44.9,grasp-to-release,0.625005,0.624999
corrected,10,0.0058,0.2596495167360713,37.50000000000001,4.607864570889448,3.063106970676436,0.6351223417471825,0.13153985381810857,0.05081674585387466,0.2003108625706624,0.05283440160944861,3992,12.021000000000015,0.2576495167361456,0.025,5.246096226498298,0.13176600000000005,True,probe_part_corrected_010,1.0,,25.257649516736148,2.057927578790867,0.026490273241475126,101.53299107607339,0.7779025388934855,24.998000000000076,True,True,0.0014273506927170911,True,False,0.019479013053290417,0.40923988712502135,3.0587464182321815,0.19102303059562714,2.645798340454918,True,0.2166494864911426,3.3889754351264227,170.1,grasp-to-release,0.624998,0.624999
corrected,11,0.0058,0.2911644156727844,37.50000000000001,24.202462855899366,1.9676254860978775,0.7172993995437341,0.12095051812499269,0.04797401528821905,0.31256777670373503,0.05932997514836495,1374,12.090000000000032,0.29416441567278045,0.025,5.287923996606381,0.13474799999999998,True,probe_part_corrected_011,1.0,,25.294164415672782,0.8641280455613298,-0.06634390370596766,101.55910377744804,0.9827862140001429,25.002999999999997,True,True,0.0016679676255851351,True,False,0.07759496628009094,0.4055859009367795,1.9676254860978775,0.005222932893580071,24.199907709842872,True,0.20379425596867198,3.240357332703242,54.2,grasp-to-release,0.624999,0.624999
corrected,12,0.0058,0.21358989127406858,37.50000000000001,11.88049615472928,2.541597693115813,0.6284794095329799,0.120209102163322,0.047167094403452875,0.1989404177980404,0.051888986916527303,1304,12.112000000000023,0.24058989127408864,0.025,5.226096820911463,0.13315500000000002,True,probe_part_corrected_012,1.0,,25.24058989127409,0.6551355678569308,0.03880416713447632,101.6013705571534,0.8725805608795838,25.027000000000022,True,True,0.0024689967598196605,True,False,-0.09112576225785846,0.4163199608892227,2.4379039775043774,0.1503734598283863,11.693634435191667,True,0.1949593290921711,3.310061865151623,43.4,grasp-to-release,0.625023,0.624999
corrected,13,0.0058,0.09046444658067365,37.50000000000001,2.0431605679777056,1.7210095567731492,0.5784585916941987,0.12049750522498197,0.047312247226697954,0.11984779016422376,0.048008846517901875,1434,12.048999999999978,0.23846444658073146,0.025,5.22709692046841,0.132861,True,probe_part_corrected_013,1.0,,25.238464446580732,1.130583494957591,-0.24498847193249462,101.57648600124175,0.9869349094475552,25.14800000000006,True,True,0.0009490131716683166,True,False,-0.12668333699299844,0.4186327734073846,1.7210095567731492,0.12497562791007245,1.856742862464334,True,0.19415244742053725,3.265765003796108,50.3,grasp-to-release,0.625141,0.624999
corrected,14,0.0058,0.18636921066828016,37.50000000000001,6.940230858357881,3.5832842574478145,0.6930942398417136,0.12035632855461924,0.047888934441690706,0.40376823067746476,0.0574752665927287,1288,12.058999999999969,0.18936921066827622,0.025,5.18592449073052,0.13333000000000006,True,probe_part_corrected_014,1.0,,25.18936921066828,0.736885564939854,-0.1318726854783736,100.94163956202858,1.546209050926194,25.002999999999997,True,True,0.003979282347358632,True,False,0.06362980369122723,0.40645992618018784,3.3840549481415234,0.3247356373633921,6.143504961934889,True,0.19459506674134364,3.335402308570922,45.9,grasp-to-release,0.624998,0.624999
paired,1,0.03,24.482260180705985,19.268739819294034,29.834048818449563,15.531848837241549,0.9159615447365015,0.12042905272959532,0.04836215394765992,0.40307874503760993,0.0755556829775222,1140,12.122999999999998,15.365630090352987,0.625,29.47292448853456,0.11643800000000004,True,probe_part_paired_001,1.0,,49.48126018070597,6.056672414673457,-0.019747064142539017,101.75038801959735,0.44088524701811593,24.998999999999995,True,True,0.008882595622902112,True,False,24.265524028686183,0.4063412263394992,10.301464315809092,1.3088279926915503,18.778707033792887,True,0.2071527035872711,0.2071527035872711,46.1,grasp-to-release,0.624998,0.624999
paired,2,0.0058,0.2510809750977394,37.50000000000001,2.3156082861738767,1.7684879319947884,0.5851468862546759,0.12049678455418567,0.04785077770901604,0.12050396708656706,0.04829937154392705,1217,12.114999999999995,0.252080975097789,0.025,5.244096759420502,0.13258500000000006,True,probe_part_paired_002,1.0,,25.25208097509779,1.2814814227497209,0.05664739968130883,101.620646153282,0.6272890440221062,25.00100000000005,True,True,0.0006072800013173504,True,False,-0.007834199765875682,0.4109726345170403,1.7684879319947884,0.12588947626368535,2.2482473132990854,True,0.1868578148626244,3.297493071577052,41.8,grasp-to-release,0.625001,0.624999
paired,3,0.03,24.436097134845625,19.319902865154305,21.041254933346753,10.900112132818842,0.727283602282622,0.11994499736198802,0.04738288796078015,0.3989079821704416,0.060066369531105196,1047,12.108000000000004,15.340048567422846,0.625,29.419096981959324,0.11905300000000008,True,probe_part_paired_003,1.0,,49.430097134845695,4.356826879159769,0.1538028767674171,101.8210549154687,0.2979689570443753,24.99400000000007,True,True,0.009506722095443818,True,False,24.237435409446235,0.4081061658715576,10.742847732262629,0.7596961359998643,20.71840332750978,True,0.1848416176382039,0.1848416176382039,38.7,grasp-to-release,0.624995,0.624999
paired,4,0.0058,0.16342164508287294,37.50000000000001,4.448053899483671,1.8233971627899352,0.6448022321970467,0.12026188743687712,0.04814305110448493,0.21832002816393345,0.05336441547604459,1193,12.082999999999998,0.18142164508285624,0.025,5.169096886794788,0.13276600000000005,True,probe_part_paired_004,1.0,,25.181421645082857,1.1269292497455439,-0.005038537636004037,101.55375081855651,0.9187224719297689,25.017999999999986,True,True,0.0005533190761215342,True,False,-0.05086372188680549,0.41372303984268854,1.8193517263686785,0.15068964985102587,4.410436741712785,True,0.18836077086289435,3.320654101253016,40.1,grasp-to-release,0.625017,0.624999
paired,5,0.03,24.357449962139622,19.376550037860344,28.021071264372413,14.622555977391741,0.7440618364660738,0.12063640874656828,0.0478311602864169,0.27012435769909665,0.06132040847750739,1169,12.133999999999986,15.311724981069828,0.625,29.370924411670664,0.11829400000000001,True,probe_part_paired_005,1.0,,49.37344996213966,5.742151988769322,0.038397360613340314,101.7443006164431,0.33598221300388786,25.016000000000037,True,True,0.009031657046190368,True,False,24.24994872599235,0.4073186223720716,10.471663321628473,1.4769923514328291,19.307075531256125,True,0.20849529792355614,0.20849529792355614,39.5,grasp-to-release,0.625012,0.624999
paired,6,0.0058,0.1910243568843395,37.5,15.873830568315215,5.588744934959185,0.6487660637941266,0.12024046643349015,0.04762906595421888,0.18495504142697533,0.05359045628565396,1190,12.105999999999995,0.21102435688437685,0.025,5.195096886794759,0.13313399999999997,True,probe_part_paired_006,1.0,,25.21102435688438,1.0595107237998604,-0.025867074354701813,101.69554334704593,0.7648731946761416,25.020000000000042,True,True,0.005568017600546857,True,False,-0.08020629632792681,0.41561337680657884,5.587351751266403,0.41954083792862645,15.844025450857615,True,0.218338315464984,3.3257614035736442,39.4,grasp-to-release,0.625008,0.624999
paired,7,0.03,24.434640959429487,19.317359040570437,3.056641883461401,1.6928699741785997,0.5880486149289608,0.12039270113975119,0.04791717077737478,0.13064653427791706,0.04839109734438458,977,12.151999999999987,15.34132047971478,0.625,29.425923951708178,0.11887900000000007,True,probe_part_paired_007,1.0,,49.43264095942956,1.212110153988732,0.04648188883671356,101.83787940035481,0.3679635103376597,24.998000000000076,True,True,0.0010094716439801497,True,False,24.25435024986148,0.4070420936874485,1.6910445269066967,0.11523247065830415,3.0545218919927764,True,0.1845557729603913,0.3251838302222135,35.7,grasp-to-release,0.624996,0.624999
paired,8,0.0058,0.23833958110519582,37.50000000000001,5.076289722151743,2.4761668628604143,0.6072544552463516,0.12037017716996606,0.04806968524892437,0.16770367221507243,0.050294389203772646,1214,12.074000000000012,0.2523395811051751,0.025,5.244096909731932,0.132567,True,probe_part_paired_008,1.0,,25.252339581105176,1.1207724179120362,-0.04164474721396472,101.5145540216016,0.9786798329381696,25.01399999999998,True,True,0.002033476087885003,True,False,0.05008981807070462,0.40730975424220434,2.4761668628604143,0.14274353951923394,5.001836483327751,True,0.18638492428322567,3.30295478547378,39.8,grasp-to-release,0.625013,0.624999
paired,9,0.03,24.44552375832898,19.307476241670976,24.71813113955391,13.04212635415446,1.0554881959881055,0.12124201542490479,0.0482360800074325,0.5846017351591662,0.08700751759855765,1312,12.131000000000029,15.346261879164512,0.625,29.434095954180894,0.11903799999999998,True,probe_part_paired_009,1.0,,49.442523758329024,5.520214480148056,0.16442189761017856,101.75390771038103,0.7809825054564925,24.997000000000046,True,True,0.009156163443276898,True,False,24.170884258763202,0.4123297435962993,10.630648624868417,1.1172682673003393,19.650334202722604,True,0.2455636373738624,0.2455636373738624,53.2,grasp-to-release,0.624996,0.624999
paired,10,0.0058,0.26378072497323934,37.5,7.014069430585495,2.940410313044637,0.6127548378573099,0.12028187386405609,0.048075757269492335,0.16270240851229997,0.0506576420186268,1179,12.096000000000004,0.26778072497326066,0.025,5.259097025881676,0.13205200000000006,True,probe_part_paired_010,1.0,,25.267780724973264,1.622426362815176,0.01760460785743545,101.67148145570312,0.8047696027481805,25.004000000000026,True,True,0.0017447114374589336,True,False,-0.011239299231600997,0.4111893599283486,2.9018649976311037,0.1763632650287767,6.983533030528409,True,0.18897223111463857,3.229402162027241,41.8,grasp-to-release,0.625002,0.624999
paired,11,0.03,24.424781670062234,19.305218329937727,23.253334298749103,12.050312788499644,0.7963826197118108,0.12034661272459729,0.046820448563606044,0.38269945728193583,0.0656539670001493,1079,12.129999999999995,15.347390835031137,0.625,29.436924393125842,0.11974400000000007,True,probe_part_paired_011,1.0,,49.44478167006228,4.593539245608724,-0.007025832229834439,101.79788096421471,0.3359617775960686,25.020000000000042,True,True,0.009617313814158304,True,False,24.260258447933676,0.40667130410672403,10.642326783127846,1.2386375603275068,20.33200826301972,True,0.21853713452560924,0.21853713452560924,38.4,grasp-to-release,0.62502,0.624999
paired,12,0.0058,0.1058928563423267,37.50000000000001,14.170025884420525,2.5550130806220217,0.6800256783765081,0.11964272580882988,0.048515787328723727,0.25874525407742327,0.05636817625799931,1321,12.064000000000078,0.16089285634237477,0.025,5.147924256235115,0.13288,True,probe_part_paired_012,1.0,,25.160892856342375,1.1893511974857773,0.03324823894290674,101.48192026976606,0.9342046440746259,25.05500000000005,True,True,0.0020249528389570085,True,False,-0.06626446826792781,0.4147136874385115,1.6051603505266094,0.09083956237110016,14.168319733811094,True,0.1921779653608927,3.2782294871179887,44.8,grasp-to-release,0.62505,0.624999
paired,13,0.03,24.510703002243783,19.245296997756146,9.029282570792523,4.482213404351185,0.6107225183599635,0.11964628170201698,0.048037610109014986,0.17373509404287119,0.05037302196964387,1091,12.124000000000024,15.377351501121925,0.025,29.485924350179825,0.11956800000000001,True,probe_part_paired_013,1.0,,49.50470300224386,2.2812029153357685,0.09700974077303526,101.77054365863458,1.139865088557542,24.99400000000007,True,True,0.003693401954837835,True,False,24.06516915734349,0.4191653238924008,4.481743220104278,0.38418904439764906,8.992966362371524,True,0.18426959793341152,3.2179986207926348,41.3,grasp-to-release,0.624988,0.624999
paired,14,0.0058,0.2513620058356425,37.50000000000001,1.5532746286980275,2.049922737586724,0.5881123699766841,0.12049843673907722,0.04839879986908191,0.13942304693528423,0.04872917142900659,1235,12.069000000000074,0.24936200583571683,0.625,5.239097025881656,0.13232900000000003,True,probe_part_paired_014,1.0,,25.249362005835717,1.3337116935789908,-0.18407634080619406,101.60482784381126,0.7377081251615181,24.998000000000076,True,True,0.0009025414117922803,True,False,-0.01971360205618028,0.4117294120699637,2.035408475363917,0.17000847033422847,1.1624220401582812,True,0.1916166485461702,0.6090148516292337,43.6,grasp-to-release,0.624998,0.624999
paired,15,0.03,24.429009476533594,19.324990523466393,7.309575954251445,3.8316820632437194,0.5732296452500123,0.14011871430751552,0.04522962852169369,0.14000164239249163,0.047191046781099484,983,12.146999999999935,15.337504738266803,0.625,29.417924383121296,0.11888700000000008,True,probe_part_paired_015,1.0,,49.42500947653361,1.9795485461808795,0.05828021023024377,101.82392158308899,0.5399772735689794,24.996000000000016,True,True,0.0030420277776509554,True,False,24.24422973440852,0.40767830030229396,3.830853439504281,0.36143068716116544,7.308767446901504,True,0.2018849920129624,0.266187000117678,35.5,grasp-to-release,0.624992,0.624999
paired,16,0.0058,0.2779732394478929,37.5,8.544442377826133,2.072697832925023,0.6840082284203669,0.12061690841226279,0.04777320832799491,0.3326485319836946,0.05644563693846873,1210,12.118000000000052,0.28097323944788544,0.025,5.27392442021124,0.13358500000000006,True,probe_part_paired_016,1.0,,25.28097323944789,1.032670856740765,-0.016196681485780573,101.64035805805848,0.8581447723667566,25.002999999999997,True,True,0.001962395729714091,True,False,0.07200856344716927,0.40593523031458506,2.06684176062792,0.15556702793487753,8.518994173061,True,0.19789479528292864,3.2744110297317537,42.7,grasp-to-release,0.625003,0.624999
paired,17,0.03,24.50116415966963,19.251835840330326,19.87764755465872,10.774978647038669,1.0935949314776545,0.2900684725074383,0.05493166371638161,0.9061934573109495,0.08989682955015682,1099,12.164999999999964,15.374082079834837,0.025,29.49192447511384,0.11923400000000006,True,probe_part_paired_017,1.0,,49.49816415966968,5.805367423984748,-0.0005212610139637697,101.62122290326809,1.0405604494042535,24.997000000000046,True,True,0.005237465990343031,True,False,24.22451387864028,0.4089215669120871,7.763184783703345,1.1694467630906402,10.674490023170899,True,0.1855411882688047,3.2483181569438835,37.7,grasp-to-release,0.624996,0.624999
paired,18,0.0058,0.20205994364153046,37.50000000000001,8.309270940375281,2.3924364089631607,0.6736855521647289,0.12012995330388347,0.04812267728201313,0.254472135596173,0.05589823698678458,1177,12.052000000000021,0.22905994364155052,0.025,5.218096886794643,0.13204800000000005,True,probe_part_paired_018,1.0,,25.229059943641552,1.5295962694712415,0.021276270284975585,101.56113721684795,0.8748344071435525,25.027000000000022,True,True,0.00040383288622893466,True,False,-0.05263833505549792,0.41383702166555064,2.390432348421348,0.1716173344651945,8.134140746405341,True,0.22107902181027503,3.184854031290773,41.2,grasp-to-release,0.625007,0.624999
paired,19,0.03,24.38193507872688,19.3680649212731,2.3603268919175275,1.6899718523808045,0.5688092230140378,0.12033034548697864,0.046588744270735505,0.1204379122744872,0.04677707426102297,1019,12.159999999999968,15.315967539363449,0.625,29.37992448194615,0.11911899999999997,True,probe_part_paired_019,1.0,,49.381935078726904,1.220816414632182,0.09781606273018273,101.8144645495174,0.46297943009645337,25.00000000000002,True,True,0.0008712204083927197,True,False,24.256184876993387,0.4069269066272248,1.6860033407104273,0.10943631252489401,2.3107272479872702,True,0.18502982117092137,0.2696413740299423,37.1,grasp-to-release,0.624999,0.624999
paired,20,0.0058,0.2831078124263531,37.50000000000001,18.708982893906622,8.558643825593828,0.7778974982345166,0.120239001858366,0.048364011485741605,0.41657860127227936,0.06435287046943344,1155,12.08800000000008,0.3861078124263381,0.625,5.366096874594217,0.12963500000000006,True,probe_part_paired_020,1.0,,25.38610781242634,3.3210402872038713,0.05893261397815763,101.19123463425582,1.4258502500946975,25.102999999999987,True,True,0.007498543391886198,True,False,-0.08443572678373118,0.41588685533232983,8.558567949591394,0.9637211077825021,18.656061320995313,True,0.26981070805427276,0.6205683525975737,39.4,grasp-to-release,0.625087,0.624999
paired,21,0.03,24.4393778011468,19.313622198853157,25.080473030540237,12.892942763090433,1.2989548662435415,0.12036532297864819,0.04696567277300724,0.9528724976414356,0.10701555991461015,1175,12.138000000000034,15.343188900573422,0.625,29.42892427111987,0.11936200000000008,True,probe_part_paired_021,1.0,,49.43637780114685,4.918157352835408,0.0001806279218419249,101.80189276946875,0.2839823778134445,24.997000000000046,True,True,0.00967825629956142,True,False,24.253174693695737,0.4071159240415525,10.700305863846307,1.4721726527951349,20.509473906303203,True,0.29905101060453015,0.29905101060453015,40.3,grasp-to-release,0.624994,0.624999
paired,22,0.0058,0.20856100380439724,37.50000000000001,8.553521585280116,1.8465320251081798,0.6427587755551901,0.12052369598572092,0.049645386429880034,0.18261385557611556,0.05310739284104707,1312,12.102999999999952,0.2595610038044413,0.025,5.241096613013196,0.132737,True,probe_part_paired_022,1.0,,25.259561003804443,0.9811577181894222,-0.0167312472514336,101.60443747285503,0.8307612450080057,25.051000000000045,True,True,0.00023494893062111114,True,False,-0.06871554119452367,0.4148716597481196,1.2406433546045699,0.07711379664247171,8.304714780167005,True,0.19925232695380476,3.3182120008920193,42.0,grasp-to-release,0.62504,0.624999
paired,23,0.03,24.39132778182096,19.361672218178995,28.64408196477139,14.658031140202812,0.7709026058811693,0.12342342700308202,0.04692878291509873,0.290993137741662,0.06332889229287515,1334,12.173000000000002,15.319163890910502,0.625,29.37392448975462,0.11880200000000007,True,probe_part_paired_023,1.0,,49.388327781821005,5.208798652958478,-0.06943485898608381,101.80362962593867,0.3809175832065108,24.997000000000046,True,True,0.009709920957453757,True,False,24.275607927018168,0.40571010862414486,10.686796926284913,1.5776845538244724,20.39444540379373,True,0.2127764432794874,0.21620183785946914,44.3,grasp-to-release,0.624998,0.624999
paired,24,0.0058,0.376526735963556,37.50000000000001,16.04364148629588,5.041808839824818,0.8267077608893836,0.12031047294437466,0.048537604793962935,0.47386710834245155,0.06849844733527105,1454,12.06899999999996,0.42852673596362884,0.025,5.405097030273809,0.13402199999999997,True,probe_part_paired_024,1.0,,25.42852673596363,0.9895792965986345,0.017981726883220528,101.53372571341006,0.693885773193557,25.052000000000074,True,True,0.004837794745542668,True,False,-0.0936598624065102,0.4164841833712434,4.825149475164826,0.48217263133867083,15.99965155411992,True,0.19130509827689404,3.3099204568476432,49.7,grasp-to-release,0.625052,0.624999
uncorrected,1,0.03,24.40694213587269,19.342057864127263,32.65477235968104,16.610913595987636,1.3536727959224233,0.11895578753147586,0.047604717841279925,0.8268405148312612,0.11155111626884413,1204,12.134999999999998,15.328971067936369,0.625,29.401923830922215,0.11802900000000005,True,probe_part_uncorrected_001,1.0,,49.40794213587274,6.005089424448457,0.04771920901841531,101.75805060801065,0.43391253481232184,25.00100000000005,True,True,0.00897350126762124,True,False,24.25665162376953,0.4068976089275563,10.360837475838839,1.6244078106173736,19.555272460364954,True,0.28587163203093674,0.28587163203093674,56.0,grasp-to-release,0.624997,0.624999
uncorrected,2,0.03,24.449767529341916,19.302232470658012,22.44595081504296,11.770986625257756,0.7470149277837815,0.12052007599791748,0.04736402412759911,0.34643013443400855,0.06155363610611254,1103,12.135999999999996,15.348883764670994,0.625,29.432097025881564,0.11926500000000007,True,probe_part_uncorrected_002,1.0,,49.44776752934199,4.7966886951459315,0.006025310044122101,101.78039890969684,0.3139613505564398,24.998000000000076,True,True,0.00939776063751361,True,False,24.24062863795177,0.4079050000035115,10.579521588424882,1.0075296323703382,19.965949047237267,True,0.19473705562457874,0.20540282258672454,39.1,grasp-to-release,0.624993,0.624999
uncorrected,3,0.03,24.460195989088884,19.289804010911094,0.40481713891162896,0.8148885819773256,0.5677845154907953,0.12029788069485593,0.046786126700250036,0.12030249619060222,0.046789000040444645,1171,12.134999999999991,15.355097994544451,0.025,29.43709703027375,0.11960300000000001,True,probe_part_uncorrected_003,1.0,,49.46019598908891,0.7546140223552982,0.18785743697302681,101.8254223705768,0.5919946999727017,25.00000000000002,True,True,0.00031398407602935984,True,False,24.182958477633264,0.41155901941629874,0.7953826710321472,0.02817240301454831,0.35971517044384116,True,0.1842398987129953,3.3142181717981307,45.0,grasp-to-release,0.624995,0.624999
uncorrected,4,0.03,24.42906801258382,19.323931987416135,27.678400777984244,14.066877728134195,0.7745455265063446,0.12036688435342481,0.04650492797047093,0.27441041707363745,0.06379060504911421,1197,12.141999999999996,15.338034006291933,0.625,29.41692388070072,0.11893399999999998,True,probe_part_uncorrected_004,1.0,,49.42606801258387,5.3405531523867324,0.06244279580358558,101.80237434828175,0.486949229696819,24.997000000000046,True,True,0.009326911653918456,True,False,24.223124397584957,0.4090093806166591,10.571366209198114,1.493374746209165,20.412096456246733,True,0.2108453698799864,0.2108453698799864,44.6,grasp-to-release,0.624997,0.624999
uncorrected,5,0.03,24.477498652613615,19.273501347386393,24.530109920865666,12.795202371713357,1.2577822839777844,0.12064994432331198,0.04699020529956127,0.9398249867258315,0.10348710580695941,1171,12.153999999999996,15.363249326306804,0.625,29.470096110348564,0.11612500000000003,True,probe_part_uncorrected_005,1.0,,49.47649865261361,5.019041164195656,-0.029119515993103473,101.7894601738547,0.47093392410968704,24.998999999999995,True,True,0.009539932546931328,True,False,24.221028323614966,0.4091418988327263,10.618820691989999,0.7556261504377335,19.942535860216108,True,0.20478369075704222,0.20478369075704222,41.4,grasp-to-release,0.624994,0.624999
uncorrected,6,0.03,24.41064939575577,19.343350604244215,27.03876640434312,13.966729588083885,1.008672668238769,0.12005435821808517,0.04825495285925798,0.6433106097784395,0.08280025186658739,1252,12.182000000000016,15.32832469787789,0.625,29.400923805300906,0.11886200000000002,True,probe_part_uncorrected_006,1.0,,49.406649395755785,5.3934848182114195,0.03201039462635835,101.78153018743139,0.3929831250079019,24.996000000000016,True,True,0.009410479265159638,True,False,24.214412686835143,0.40956053757281463,10.654849694335685,1.4334993913873508,20.13261137900023,True,0.24858801258305938,0.24858801258305938,42.2,grasp-to-release,0.624995,0.624999
uncorrected,7,0.03,24.43216287395089,19.302837126049102,29.225610777765045,15.140728527524438,0.7970228621650912,0.12182193796687685,0.04700790687514052,0.34892202668412375,0.0656796754977414,1210,12.134999999999991,15.348581436975449,0.625,29.440096909731817,0.118537,True,probe_part_uncorrected_007,1.0,,49.4471628739509,5.804747077283423,-0.01831210225539115,101.75368750544666,0.4269366920264446,25.015000000000008,True,True,0.009008037355606362,True,False,24.241656519824275,0.40784027441488396,10.387030274070652,1.5158385136518113,19.213631992952642,True,0.21077952524917457,0.21219434819556457,39.9,grasp-to-release,0.625005,0.624999
uncorrected,8,0.03,24.496332380942953,19.259667619056977,3.9851622672847173,2.7030219802314086,0.5790616258395836,0.11903739435451803,0.04542569662341045,0.15284580217508636,0.04776947911562308,1055,12.122000000000014,15.370166190471512,0.625,29.481097006360592,0.118946,True,probe_part_uncorrected_008,1.0,,49.49033238094302,1.8143505647427958,0.04351314715267396,101.8150115304565,0.5259571353475962,24.99400000000007,True,True,0.0016835121027185698,True,False,24.230593335183645,0.40853765324701863,2.7019516447539793,0.22661792326532124,3.8780903893763976,True,0.20113923038550635,0.28223263758565315,38.6,grasp-to-release,0.624994,0.624999
uncorrected,9,0.03,24.44717735855373,19.307822641446283,2.0340659029344703,1.556537901010639,0.5674685448577876,0.1202874773715269,0.046411878289802304,0.12520739061274727,0.04670907439771072,1054,12.149000000000001,15.346088679276857,0.624999,29.43209684872894,0.119278,True,probe_part_uncorrected_009,1.0,,49.44217735855372,1.194582510927546,0.06262757965530552,101.78649300851266,0.35593749464754865,24.99499999999999,True,True,0.0008052055638158333,True,False,24.195159488709297,0.41078222433850936,1.5546057390063084,0.1232629593012767,1.9716885105831004,True,0.18971212401861595,0.28560452488837895,37.7,grasp-to-release,0.624993,0.624999
uncorrected,10,0.03,24.420186480447303,19.310813519552685,27.94834024501034,14.40225082004476,0.9294059465165254,0.12470155949260892,0.04637057533739381,0.4421598075148459,0.07658255986457876,1120,12.135999999999967,15.344593240223658,0.625,29.430924481946285,0.11832100000000001,True,probe_part_uncorrected_010,1.0,,49.43918648044732,5.243744489964257,0.04716195789905564,101.7868108866888,0.4509489400325606,25.019000000000013,True,True,0.009442586139400579,True,False,24.2255688957024,0.4088549081104343,10.653477553244162,1.417402057252901,20.100380227156602,True,0.23322296769923903,0.23322296769923903,37.8,grasp-to-release,0.625019,0.624999
uncorrected,11,0.03,24.470516053736844,19.26448394626314,2.5143453811585235,1.5198998202586211,0.5956951798625945,0.12235294728589932,0.04856943339581774,0.12236739869810861,0.04893175454760929,1018,12.173999999999978,15.367758026868433,0.625,29.47609703271381,0.11895900000000004,True,probe_part_uncorrected_011,1.0,,49.48551605373686,0.8793387646063309,-0.040821575440774804,101.81871637820194,0.2889385649491487,25.015000000000008,True,True,0.0012070277544447908,True,False,24.22067344736912,0.40916434064809576,1.5175013159687356,0.0838840294779597,2.51130771121555,True,0.18449116454689649,0.3031116878516495,36.6,grasp-to-release,0.625015,0.624999
uncorrected,12,0.03,24.43659739425219,19.31440260574782,26.52124794981247,13.463029139600879,1.1452019129488793,0.3279032118108655,0.059175749859886564,0.7644307417073862,0.094496403411905,3750,12.119000000000028,15.34279869712609,0.624999,29.427924039552522,0.11923499999999998,True,probe_part_uncorrected_012,1.0,,49.435597394252184,4.805390820837175,0.04517435820905469,101.80060635739254,0.3889671409481963,24.998999999999995,True,True,0.013375483580042985,True,False,24.24399563727344,0.4076930322355365,11.813384389265607,1.2158244871144777,23.143063629911623,True,0.2002190467101583,0.2324413904544755,139.4,grasp-to-release,0.624998,0.624999
uncorrected,13,0.03,24.417957350276964,19.332042649723014,3.481440822515135,2.647204015579573,0.5893109681751967,0.12035551320864527,0.04817658745243902,0.15627037813924183,0.04868729082742896,971,12.103999999999928,15.333978675138491,0.625,29.413924411670788,0.119367,True,probe_part_uncorrected_013,1.0,,49.417957350276986,1.745321283686522,0.028668155098277026,101.82893145156339,0.4269703514949015,25.00000000000002,True,True,0.001646439188066165,True,False,24.265006010045504,0.40637368287774583,2.646332100539136,0.2157770924455299,3.476524162249562,True,0.1840245103460813,0.21033988806651807,35.0,grasp-to-release,0.624994,0.624999
uncorrected,14,0.03,24.498563111795768,19.25843688820419,29.6215185810372,15.311563419532357,0.7881164470118481,0.12030770726644098,0.047757837806818616,0.3881700963564778,0.06507980569874874,1100,12.110000000000014,15.370781555897905,0.625,29.478924240862405,0.11921900000000007,True,probe_part_uncorrected_014,1.0,,49.49156311179581,5.898715350399414,-0.021865340598559158,101.74961860176809,0.25195744824964095,24.993000000000045,True,True,0.009107311458383284,True,False,24.22034242586186,0.4091852754398745,10.395678732999539,1.5219713625659952,19.282101874954467,True,0.2161750636942159,0.2161750636942159,37.0,grasp-to-release,0.624994,0.624999
