sim_t,drive_joint_rad
783.587000,-0.000000
783.594000,-0.000000
783.601000,-0.000000
783.608000,-0.000000
783.615000,-0.000000
783.622000,-0.000000
783.629000,-0.000000
783.636000,-0.000000
783.643000,-0.000000
783.650000,-0.000000
783.657000,-0.000000
783.664000,-0.000000
783.671000,-0.000000
783.678000,-0.000000
783.685000,-0.000000
783.692000,-0.000000
783.699000,-0.000000
783.706000,-0.000000
783.713000,-0.000000
783.720000,-0.000000
783.727000,-0.000000
783.734000,-0.000000
783.741000,-0.000000
783.748000,-0.000000
783.755000,-0.000000
783.762000,-0.000000
783.769000,-0.000000
783.776000,-0.000000
783.783000,-0.000000
783.790000,-0.000000
783.797000,-0.000000
783.804000,-0.000000
783.811000,-0.000000
783.817000,-0.000000
783.825000,-0.000000
783.832000,-0.000000
783.839000,-0.000000
783.846000,-0.000000
783.853000,-0.000000
783.860000,-0.000000
783.867000,-0.000000
783.874000,-0.000000
783.881000,-0.000000
783.888000,-0.000000
783.895000,-0.000000
783.902000,-0.000000
783.909000,-0.000000
783.916000,-0.000000
783.923000,-0.000000
783.930000,-0.000000
783.937000,-0.000000
783.944000,-0.000000
783.951000,-0.000000
783.958000,-0.000000
783.965000,-0.000000
783.972000,-0.000000
783.979000,-0.000000
783.986000,-0.000000
783.993000,-0.000000
784.000000,-0.000000
784.007000,-0.000000
784.014000,-0.000000
784.021000,-0.000000
784.028000,-0.000000
784.035000,-0.000000
784.042000,-0.000000
784.049000,-0.000000
784.056000,-0.000000
784.063000,-0.000000
784.070000,-0.000000
784.077000,-0.000000
784.084000,-0.000000
784.091000,-0.000000
784.098000,-0.000000
784.105000,-0.000000
784.112000,-0.000000
784.119000,-0.000000
784.125000,-0.000000
784.133000,-0.000000
784.140000,-0.000000
784.147000,-0.000000
784.154000,-0.000000
784.161000,-0.000000
784.168000,-0.000000
784.175000,-0.000000
784.182000,-0.000000
784.189000,-0.000000
784.196000,-0.000000
784.203000,-0.000000
784.210000,-0.000000
784.217000,-0.000000
784.224000,-0.000000
784.231000,-0.000000
784.238000,-0.000000
784.245000,-0.000000
784.252000,-0.000000
784.259000,-0.000000
784.266000,-0.000000
784.273000,-0.000000
784.280000,-0.000000
784.287000,-0.000000
784.294000,-0.000000
784.301000,-0.000000
784.308000,-0.000000
784.315000,-0.000000
784.322000,-0.000000
784.329000,-0.000000
784.336000,-0.000000
784.343000,-0.000000
784.350000,-0.000000
784.357000,-0.000000
784.364000,-0.000000
784.371000,-0.000000
784.378000,-0.000000
784.385000,-0.000000
784.392000,-0.000000
784.399000,-0.000000
784.406000,-0.000000
784.413000,-0.000000
784.420000,-0.000000
784.427000,-0.000000
784.434000,-0.000000
784.441000,-0.000000
784.448000,-0.000000
784.455000,-0.000000
784.462000,-0.000000
784.469000,-0.000000
784.476000,-0.000000
784.483000,-0.000000
784.490000,-0.000000
784.497000,-0.000000
784.504000,-0.000000
784.511000,-0.000000
784.518000,-0.000000
784.525000,-0.000000
784.532000,-0.000000
784.539000,-0.000000
784.546000,-0.000000
784.553000,-0.000000
784.560000,-0.000000
784.567000,-0.000000
784.574000,-0.000000
784.581000,-0.000000
784.588000,-0.000000
784.595000,-0.000000
784.602000,-0.000000
784.609000,-0.000000
784.616000,-0.000000
784.623000,-0.000000
784.630000,-0.000000
784.637000,-0.000000
784.644000,-0.000000
784.651000,-0.000000
784.658000,-0.000000
784.665000,-0.000000
784.672000,-0.000000
784.679000,-0.000000
784.686000,-0.000000
784.693000,-0.000000
784.700000,-0.000000
784.707000,-0.000000
784.714000,-0.000000
784.721000,-0.000000
784.728000,-0.000000
784.735000,-0.000000
784.742000,-0.000000
784.749000,-0.000000
784.756000,-0.000000
784.763000,-0.000000
784.770000,-0.000000
784.777000,-0.000000
784.784000,-0.000000
784.791000,-0.000000
784.798000,-0.000000
784.805000,-0.000000
784.812000,-0.000000
784.819000,-0.000000
784.826000,-0.000000
784.833000,-0.000000
784.840000,-0.000000
784.847000,-0.000000
784.854000,-0.000000
784.861000,-0.000000
784.868000,-0.000000
784.875000,-0.000000
784.882000,-0.000000
784.889000,-0.000000
784.896000,-0.000000
784.903000,-0.000000
784.910000,-0.000000
784.917000,-0.000000
784.924000,-0.000000
784.931000,-0.000000
784.938000,-0.000000
784.945000,-0.000000
784.952000,-0.000000
784.959000,-0.000000
784.966000,-0.000000
784.973000,-0.000000
784.980000,-0.000000
784.987000,-0.000000
784.993000,-0.000000
785.000000,-0.000000
785.008000,-0.000000
785.015000,-0.000000
785.022000,-0.000000
785.029000,-0.000000
785.036000,-0.000000
785.043000,-0.000000
785.050000,-0.000000
785.057000,-0.000000
785.064000,-0.000000
785.071000,-0.000000
785.078000,-0.000000
785.085000,-0.000000
785.092000,-0.000000
785.099000,-0.000000
785.106000,-0.000000
785.113000,-0.000000
785.120000,-0.000000
785.127000,-0.000000
785.134000,-0.000000
785.141000,-0.000000
785.148000,-0.000000
785.155000,-0.000000
785.162000,-0.000000
785.169000,-0.000000
785.176000,-0.000000
785.183000,-0.000000
785.190000,-0.000000
785.197000,-0.000000
785.204000,-0.000000
785.211000,-0.000000
785.218000,-0.000000
785.225000,-0.000000
785.232000,-0.000000
785.239000,-0.000000
785.246000,-0.000000
785.253000,-0.000000
785.260000,-0.000000
785.267000,-0.000000
785.274000,-0.000000
785.281000,-0.000000
785.288000,-0.000000
785.295000,-0.000000
785.302000,-0.000000
785.309000,-0.000000
785.316000,-0.000000
785.323000,-0.000000
785.330000,-0.000000
785.337000,-0.000000
785.344000,-0.000000
785.351000,-0.000000
785.358000,-0.000000
785.365000,-0.000000
785.371000,-0.000000
785.379000,-0.000000
785.386000,-0.000000
785.393000,-0.000000
785.400000,-0.000000
785.407000,-0.000000
785.414000,-0.000000
785.421000,-0.000000
785.428000,-0.000000
785.435000,-0.000000
785.442000,-0.000000
785.449000,-0.000000
785.456000,-0.000000
785.463000,-0.000000
785.470000,-0.000000
785.477000,-0.000000
785.484000,-0.000000
785.491000,-0.000000
785.498000,-0.000000
785.505000,-0.000000
785.512000,-0.000000
785.519000,-0.000000
785.526000,-0.000000
785.533000,-0.000000
785.540000,-0.000000
785.547000,-0.000000
785.554000,-0.000000
785.561000,-0.000000
785.568000,-0.000000
785.575000,-0.000000
785.582000,-0.000000
785.589000,-0.000000
785.596000,-0.000000
785.603000,-0.000000
785.610000,-0.000000
785.617000,-0.000000
785.624000,-0.000000
785.631000,-0.000000
785.638000,-0.000000
785.645000,-0.000000
785.652000,-0.000000
785.659000,-0.000000
785.665000,-0.000000
785.673000,-0.000000
785.680000,-0.000000
785.687000,-0.000000
785.693000,-0.000000
785.701000,-0.000000
785.708000,-0.000000
785.715000,-0.000000
785.722000,-0.000000
785.729000,-0.000000
785.736000,-0.000000
785.743000,-0.000000
785.750000,-0.000000
785.757000,-0.000000
785.764000,-0.000000
785.771000,-0.000000
785.778000,-0.000000
785.785000,-0.000000
785.792000,-0.000000
785.799000,-0.000000
785.806000,-0.000000
785.813000,-0.000000
785.820000,-0.000000
785.827000,-0.000000
785.834000,-0.000000
785.841000,-0.000000
785.848000,-0.000000
785.855000,-0.000000
785.862000,-0.000000
785.869000,-0.000000
785.876000,-0.000000
785.883000,-0.000000
785.890000,-0.000000
785.897000,-0.000000
785.904000,-0.000000
785.911000,-0.000000
785.918000,-0.000000
785.925000,-0.000000
785.932000,-0.000000
785.939000,-0.000000
785.946000,-0.000000
785.953000,-0.000000
785.960000,-0.000000
785.967000,-0.000000
785.974000,-0.000000
785.981000,-0.000000
785.988000,-0.000000
785.995000,-0.000000
786.002000,-0.000000
786.009000,-0.000000
786.016000,-0.000000
786.023000,-0.000000
786.030000,-0.000000
786.037000,-0.000000
786.044000,-0.000000
786.051000,-0.000000
786.058000,-0.000000
786.065000,-0.000000
786.072000,-0.000000
786.079000,-0.000000
786.086000,-0.000000
786.093000,-0.000000
786.100000,-0.000000
786.107000,-0.000000
786.114000,-0.000000
786.121000,-0.000000
786.128000,-0.000000
786.135000,-0.000000
786.142000,-0.000000
786.149000,-0.000000
786.156000,-0.000000
786.162000,-0.000000
786.169000,-0.000000
786.177000,-0.000000
786.184000,-0.000000
786.191000,-0.000000
786.198000,-0.000000
786.204000,-0.000000
786.212000,-0.000000
786.218000,-0.000000
786.226000,-0.000000
786.233000,-0.000000
786.240000,-0.000000
786.247000,-0.000000
786.254000,-0.000000
786.261000,-0.000000
786.268000,-0.000000
786.275000,-0.000000
786.282000,-0.000000
786.289000,-0.000000
786.296000,-0.000000
786.303000,-0.000000
786.310000,-0.000000
786.317000,-0.000000
786.324000,-0.000000
786.331000,-0.000000
786.338000,-0.000000
786.345000,-0.000000
786.352000,-0.000000
786.359000,-0.000000
786.366000,-0.000000
786.373000,-0.000000
786.380000,-0.000000
786.387000,-0.000000
786.394000,-0.000000
786.401000,-0.000000
786.408000,-0.000000
786.415000,-0.000000
786.422000,-0.000000
786.429000,-0.000000
786.436000,-0.000000
786.442000,-0.000000
786.450000,-0.000000
786.457000,-0.000000
786.464000,-0.000000
786.471000,-0.000000
786.478000,-0.000000
786.485000,-0.000000
786.492000,-0.000000
786.499000,-0.000000
786.506000,-0.000000
786.513000,-0.000000
786.520000,-0.000000
786.527000,-0.000000
786.534000,-0.000000
786.541000,-0.000000
786.548000,-0.000000
786.555000,-0.000000
786.562000,-0.000000
786.569000,-0.000000
786.576000,-0.000000
786.583000,-0.000000
786.590000,-0.000000
786.597000,-0.000000
786.604000,-0.000000
786.611000,-0.000000
786.618000,-0.000000
786.625000,-0.000000
786.632000,-0.000000
786.639000,-0.000000
786.646000,-0.000000
786.653000,-0.000000
786.660000,-0.000000
786.667000,-0.000000
786.674000,-0.000000
786.681000,-0.000000
786.688000,-0.000000
786.695000,-0.000000
786.702000,-0.000000
786.709000,-0.000000
786.716000,-0.000000
786.723000,-0.000000
786.730000,-0.000000
786.737000,-0.000000
786.744000,-0.000000
786.751000,-0.000000
786.758000,-0.000000
786.765000,-0.000000
786.772000,-0.000000
786.779000,-0.000000
786.786000,-0.000000
786.793000,-0.000000
786.800000,-0.000000
786.807000,-0.000000
786.814000,-0.000000
786.821000,-0.000000
786.828000,-0.000000
786.835000,-0.000000
786.842000,-0.000000
786.849000,-0.000000
786.856000,-0.000000
786.863000,-0.000000
786.870000,-0.000000
786.877000,-0.000000
786.884000,-0.000000
786.891000,-0.000000
786.898000,-0.000000
786.905000,-0.000000
786.912000,-0.000000
786.919000,-0.000000
786.926000,-0.000000
786.933000,-0.000000
786.940000,-0.000000
786.947000,-0.000000
786.954000,-0.000000
786.961000,-0.000000
786.968000,-0.000000
786.975000,-0.000000
786.982000,-0.000000
786.989000,-0.000000
786.996000,-0.000000
787.003000,-0.000000
787.010000,-0.000000
787.017000,0.000000
787.024000,0.000006
787.031000,0.000037
787.038000,0.000088
787.045000,0.000096
787.052000,0.000094
787.059000,0.000096
787.066000,0.000096
787.073000,0.000094
787.080000,0.000097
787.087000,0.000097
787.094000,0.000098
787.101000,0.000097
787.108000,0.000095
787.115000,0.000100
787.122000,0.000101
787.129000,0.000096
787.136000,0.000098
787.143000,0.000100
787.150000,0.000097
787.157000,0.000101
787.164000,0.000098
787.171000,0.000103
787.178000,0.000101
787.185000,0.000099
787.192000,0.000098
787.199000,0.000097
787.206000,0.000096
787.213000,0.000096
787.220000,0.000096
787.227000,0.000097
787.234000,0.000098
787.241000,0.000099
787.248000,0.000100
787.255000,0.000102
787.262000,0.000104
787.269000,0.000106
787.276000,0.000108
787.283000,0.000097
787.290000,0.000101
787.297000,0.000104
787.304000,0.000108
787.311000,0.000097
787.318000,0.000102
787.325000,0.000107
787.332000,0.000096
787.339000,0.000102
787.346000,0.000108
787.353000,0.000096
787.360000,0.000104
787.367000,0.000111
787.374000,0.000099
787.381000,0.000107
787.388000,0.000096
787.395000,0.000105
787.402000,0.000094
787.409000,0.000100
787.416000,0.000109
787.423000,0.000098
787.430000,0.000108
787.437000,0.000097
787.444000,0.000108
787.451000,0.000097
787.458000,0.000109
787.465000,0.000097
787.472000,0.000110
787.479000,0.000098
787.486000,0.000111
787.493000,0.000100
787.500000,0.000089
787.507000,0.000104
787.514000,0.000093
787.521000,0.000108
787.528000,0.000097
787.535000,0.000087
787.542000,0.000097
787.549000,0.000087
787.556000,0.000104
787.563000,0.000093
787.570000,0.000110
787.577000,0.000098
787.584000,0.000088
787.591000,0.000106
787.598000,0.000095
787.605000,0.000085
787.612000,0.000105
787.619000,0.000094
787.626000,0.000084
787.633000,0.000104
787.640000,0.000093
787.647000,0.000084
787.654000,0.000105
787.661000,0.000094
787.668000,0.000084
787.675000,0.000106
787.682000,0.000095
787.689000,0.000085
787.696000,0.000076
787.703000,0.000093
787.710000,0.000083
787.717000,0.000075
787.724000,0.000093
787.731000,0.000083
787.738000,0.000074
787.745000,0.000099
787.752000,0.000089
787.759000,0.000080
787.766000,0.000071
787.773000,0.000091
787.780000,0.000082
787.787000,0.000073
787.794000,0.000100
787.801000,0.000089
787.808000,0.000080
787.815000,0.000072
787.822000,0.000100
787.829000,0.000089
787.836000,0.000080
787.843000,0.000071
787.850000,0.000100
787.857000,0.000090
787.864000,0.000080
787.871000,0.000072
787.878000,0.000064
787.885000,0.000088
787.892000,0.000079
787.899000,0.000071
787.906000,0.000063
787.913000,0.000088
787.920000,0.000079
787.927000,0.000070
787.934000,0.000063
787.941000,0.000095
787.948000,0.000085
787.955000,0.000076
787.962000,0.000068
787.967000,0.000061
787.976000,0.000094
787.983000,0.000084
787.990000,0.000075
787.997000,0.000067
788.004000,0.000060
788.011000,0.000094
788.018000,0.000084
788.025000,0.000076
788.032000,0.000068
788.039000,0.000061
788.046000,0.000054
788.053000,0.000083
788.060000,0.000074
788.067000,0.000067
788.074000,0.000060
788.081000,0.000053
788.088000,0.000090
788.095000,0.000080
788.102000,0.000072
788.109000,0.000064
788.116000,0.000057
788.123000,0.000051
788.130000,0.000089
788.137000,0.000079
788.144000,0.000071
788.151000,0.000064
788.158000,0.000057
788.165000,0.000051
788.172000,0.000089
788.179000,0.000080
788.186000,0.000071
788.193000,0.000064
788.200000,0.000057
788.207000,0.000051
788.214000,0.000046
788.221000,0.000085
788.228000,0.000076
788.235000,0.000068
788.242000,0.000061
788.249000,0.000055
788.256000,0.000049
788.263000,0.000044
788.270000,0.000084
788.277000,0.000075
788.284000,0.000068
788.291000,0.000060
788.298000,0.000054
788.304000,0.000048
788.312000,0.000043
788.319000,0.000085
788.326000,0.000076
788.333000,0.000068
788.340000,0.000061
788.347000,0.000054
788.354000,0.000049
788.361000,0.000043
788.368000,0.000039
788.375000,0.000081
788.382000,0.000073
788.389000,0.000065
788.396000,0.000058
788.403000,0.000052
788.410000,0.000047
788.417000,0.000042
788.424000,0.000037
788.431000,0.000033
788.438000,0.000071
788.445000,0.000063
788.452000,0.000057
788.459000,0.000051
788.466000,0.000045
788.473000,0.000041
788.480000,0.000036
788.487000,0.000033
788.494000,0.000077
788.501000,0.000069
788.508000,0.000062
788.515000,0.000055
788.522000,0.000049
788.529000,0.000044
788.536000,0.000039
788.543000,0.000035
788.550000,0.000032
788.557000,0.000028
788.564000,0.000074
788.571000,0.000066
788.578000,0.000059
788.585000,0.000053
788.592000,0.000047
788.599000,0.000042
788.606000,0.000038
788.613000,0.000034
788.620000,0.000030
788.627000,0.000027
788.634000,0.000024
788.641000,0.000071
788.648000,0.000063
788.655000,0.000057
788.662000,0.000051
788.669000,0.000045
788.676000,0.000041
788.683000,0.000036
788.690000,0.000032
788.697000,0.000029
788.704000,0.000026
788.711000,0.000023
788.718000,0.000021
788.725000,0.000019
788.732000,0.000060
788.739000,0.000053
788.746000,0.000048
788.753000,0.000043
788.760000,0.000038
788.767000,0.000034
788.774000,0.000031
788.781000,0.000027
788.788000,0.000025
788.795000,0.000022
788.802000,0.000020
788.809000,0.000018
788.816000,0.000016
788.823000,0.000014
788.830000,0.000062
788.837000,0.000056
788.844000,0.000050
788.851000,0.000045
788.858000,0.000040
788.865000,0.000036
788.872000,0.000032
788.879000,0.000029
788.886000,0.000026
788.893000,0.000023
788.900000,0.000021
788.907000,0.000018
788.914000,0.000016
788.921000,0.000015
788.928000,0.000013
788.935000,0.000012
788.942000,0.000011
788.949000,0.000009
788.956000,0.000008
788.963000,0.000058
788.970000,0.000052
788.977000,0.000046
788.984000,0.000041
788.991000,0.000037
788.998000,0.000033
789.005000,0.000030
789.012000,0.000026
789.019000,0.000024
789.026000,0.000021
789.033000,0.000019
789.040000,0.000017
789.047000,0.000015
789.054000,0.000014
789.061000,0.000012
789.068000,0.000011
789.075000,0.000010
789.082000,0.000009
789.089000,0.000008
789.096000,0.000007
789.103000,0.000006
789.110000,0.000006
789.117000,0.000005
789.124000,0.000004
789.131000,0.000004
789.138000,0.000004
789.145000,0.000003
789.152000,0.000003
789.159000,0.000003
789.166000,0.000002
789.173000,0.000002
789.180000,0.000002
789.187000,0.000002
789.194000,0.000001
789.201000,0.000001
789.208000,0.000001
789.215000,0.000001
789.222000,0.000001
789.229000,0.000001
789.236000,0.000001
789.243000,0.000001
789.250000,0.000001
789.257000,0.000001
789.264000,0.000000
789.271000,0.000000
789.278000,0.000000
789.285000,0.000000
789.292000,0.000000
789.299000,0.000000
789.306000,0.000000
789.313000,0.000000
789.320000,0.000000
789.327000,0.000000
789.334000,0.000000
789.341000,0.000000
789.348000,0.000000
789.355000,0.000000
789.362000,0.000000
789.369000,0.000000
789.376000,0.000000
789.383000,0.000000
789.390000,0.000000
789.397000,0.000000
789.404000,0.000000
789.411000,0.000000
789.418000,0.000000
789.425000,0.000000
789.432000,0.000000
789.439000,0.000000
789.446000,0.000000
789.453000,0.000000
789.460000,0.000000
789.467000,0.000000
789.474000,0.000000
789.481000,0.000000
789.488000,0.000000
789.495000,0.000000
789.502000,0.000000
789.509000,0.000000
789.516000,0.000000
789.523000,0.000000
789.530000,0.000000
789.537000,0.000000
789.544000,0.000000
789.551000,0.000000
789.558000,0.000000
789.565000,0.000000
789.572000,0.000000
789.579000,0.000000
789.586000,0.000000
789.593000,0.000000
789.600000,0.000000
789.607000,0.000000
789.614000,0.000000
789.621000,0.000000
789.628000,0.000000
789.635000,0.000000
789.642000,0.000000
789.649000,0.000000
789.656000,0.000000
789.663000,0.000000
789.670000,0.000000
789.677000,0.000000
789.684000,0.000000
789.691000,0.000000
789.698000,0.000000
789.705000,0.000000
789.712000,0.000000
789.719000,0.000000
789.726000,0.000000
789.733000,0.000000
789.740000,0.000000
789.747000,0.000000
789.754000,0.000000
789.761000,0.000000
789.768000,0.000000
789.775000,0.000000
789.782000,0.000000
789.789000,0.000000
789.796000,0.000000
789.803000,0.000000
789.810000,0.000000
789.817000,0.000000
789.824000,0.000000
789.831000,0.000000
789.838000,0.000000
789.845000,0.000000
789.852000,0.000000
789.859000,0.000000
789.866000,0.000000
789.873000,0.000000
789.880000,0.000000
789.887000,0.000000
789.894000,0.000000
789.901000,0.000000
789.908000,0.000000
789.915000,0.000000
789.922000,0.000000
789.929000,0.000000
789.936000,0.000000
789.943000,0.000000
789.950000,0.000000
789.957000,0.000000
789.964000,0.000000
789.970000,0.000000
789.978000,0.000000
789.985000,0.000000
789.992000,0.000000
789.999000,0.000000
790.006000,0.000000
790.013000,0.000000
790.020000,0.000000
790.027000,0.000000
790.034000,0.000000
790.041000,0.000000
790.048000,0.000000
790.055000,0.000000
790.062000,0.000000
790.069000,0.000000
790.076000,0.000000
790.083000,0.000000
790.090000,0.000000
790.097000,0.000000
790.104000,0.000000
790.111000,0.000000
790.118000,0.000000
790.125000,0.000000
790.132000,0.000000
790.139000,0.000000
790.146000,0.000000
790.153000,0.000000
790.160000,0.000000
790.167000,0.000000
790.174000,0.000000
790.181000,0.000000
790.188000,0.000000
790.195000,0.000000
790.202000,0.000000
790.209000,0.000000
790.216000,0.000000
790.223000,0.000000
790.230000,0.000000
790.237000,0.000000
790.244000,0.000000
790.251000,0.000000
790.258000,0.000000
790.265000,0.000000
790.272000,0.000000
790.279000,0.000000
790.286000,0.000000
790.293000,0.000000
790.300000,0.000000
790.307000,0.000000
790.314000,0.000000
790.321000,0.000000
790.328000,0.000000
790.335000,0.000000
790.342000,0.000000
790.349000,0.000000
790.356000,0.000000
790.363000,0.000000
790.370000,0.000000
790.377000,0.000000
790.384000,0.000000
790.391000,0.000000
790.398000,0.000000
790.405000,0.000000
790.412000,0.000000
790.419000,0.000000
790.426000,0.000000
790.433000,0.000000
790.440000,0.000000
790.447000,0.000000
790.454000,0.000000
790.461000,0.000000
790.468000,0.000000
790.475000,0.000000
790.482000,0.000000
790.489000,0.000000
790.496000,0.000000
790.503000,0.000000
790.510000,0.000000
790.517000,0.000000
790.524000,0.000000
790.531000,0.000000
790.538000,0.000000
790.545000,0.000000
790.552000,0.000000
790.559000,0.000000
790.566000,0.000000
790.573000,0.000000
790.580000,0.000000
790.587000,0.000000
790.594000,0.000000
790.601000,0.000000
790.608000,0.000000
790.615000,0.000000
790.622000,0.000000
790.629000,0.000000
790.636000,0.000000
790.643000,0.000000
790.650000,0.000000
790.657000,0.000000
790.664000,0.000000
790.671000,0.000000
790.678000,0.000000
790.685000,0.000000
790.692000,0.000000
790.699000,0.000000
790.706000,0.000000
790.713000,0.000000
790.720000,0.000000
790.727000,0.000000
790.734000,0.000000
790.741000,0.000000
790.748000,0.000000
790.755000,0.000000
790.762000,0.000000
790.769000,0.000000
790.776000,0.000000
790.783000,0.000000
790.790000,0.000000
790.797000,0.000000
790.804000,0.000000
790.811000,0.000000
790.818000,0.000000
790.825000,0.000000
790.832000,0.000000
790.839000,0.000000
790.846000,0.000000
790.853000,0.000000
790.860000,0.000000
790.867000,0.000000
790.874000,0.000000
790.881000,0.000000
790.888000,0.000000
790.895000,0.000000
790.902000,0.000000
790.909000,0.000000
790.916000,0.000000
790.923000,0.000000
790.930000,0.000000
790.937000,0.000000
790.944000,0.000000
790.951000,0.000000
790.958000,0.000000
790.965000,0.000000
790.972000,0.000000
790.979000,0.000000
790.986000,0.000000
790.993000,0.000050
791.000000,0.000045
791.007000,0.000040
791.014000,0.000036
791.021000,0.000032
791.028000,0.000029
791.035000,0.000026
791.042000,0.000023
791.049000,0.000021
791.056000,0.000018
791.063000,0.000017
791.070000,0.000015
791.077000,0.000013
791.084000,0.000012
791.091000,0.000011
791.098000,0.000009
791.105000,0.000008
791.112000,0.000008
791.119000,0.000707
791.126000,0.002033
791.133000,0.003919
791.140000,0.006308
791.147000,0.009145
791.154000,0.012385
791.161000,0.015985
791.168000,0.019906
791.175000,0.024116
791.182000,0.028584
791.189000,0.033283
791.196000,0.038188
791.203000,0.043278
791.210000,0.048534
791.217000,0.053938
791.224000,0.059474
791.231000,0.065130
791.238000,0.070891
791.245000,0.076747
791.252000,0.082689
791.259000,0.088707
791.266000,0.094792
791.273000,0.100939
791.280000,0.107141
791.287000,0.113391
791.294000,0.119685
791.301000,0.126018
791.308000,0.132386
791.315000,0.138785
791.322000,0.145213
791.329000,0.151666
791.336000,0.158141
791.343000,0.164636
791.350000,0.171149
791.357000,0.177679
791.364000,0.184222
791.371000,0.190779
791.378000,0.197347
791.385000,0.203926
791.392000,0.210513
791.399000,0.217110
791.406000,0.223713
791.413000,0.230323
791.420000,0.236939
791.427000,0.243561
791.434000,0.250187
791.441000,0.256817
791.448000,0.263451
791.455000,0.270089
791.462000,0.276730
791.469000,0.283373
791.476000,0.290019
791.483000,0.296667
791.490000,0.303317
791.497000,0.309969
791.504000,0.316622
791.511000,0.323277
791.518000,0.329933
791.525000,0.336590
791.532000,0.343248
791.539000,0.349907
791.546000,0.356566
791.553000,0.363227
791.560000,0.369888
791.567000,0.376550
791.574000,0.383212
791.581000,0.389875
791.588000,0.396481
791.595000,0.402394
791.602000,0.405814
791.609000,0.406299
791.615000,0.406518
791.623000,0.407013
791.630000,0.407437
791.637000,0.407799
791.644000,0.408102
791.651000,0.408335
791.658000,0.409427
791.665000,0.410657
791.672000,0.411740
791.679000,0.412628
791.686000,0.413410
791.693000,0.414110
791.700000,0.414745
791.707000,0.415331
791.714000,0.415878
791.721000,0.416397
791.728000,0.416894
791.735000,0.417364
791.742000,0.417808
791.749000,0.418103
791.756000,0.418414
791.763000,0.418739
791.770000,0.419076
791.777000,0.419272
791.784000,0.419496
791.791000,0.419735
791.798000,0.419721
791.805000,0.419749
791.812000,0.419782
791.819000,0.419654
791.826000,0.419604
791.833000,0.419483
791.840000,0.419362
791.847000,0.419247
791.854000,0.419142
791.861000,0.419053
791.868000,0.418981
791.875000,0.418929
791.882000,0.418898
791.889000,0.418890
791.896000,0.418825
791.903000,0.418761
791.910000,0.418583
791.917000,0.418433
791.924000,0.418275
791.931000,0.418107
791.938000,0.417931
791.945000,0.417757
791.952000,0.417594
791.959000,0.417446
791.966000,0.417317
791.973000,0.417210
791.980000,0.417144
791.987000,0.417043
791.994000,0.416943
792.001000,0.416896
792.008000,0.416810
792.015000,0.416705
792.022000,0.416595
792.029000,0.416489
792.036000,0.416393
792.043000,0.416378
792.050000,0.416312
792.057000,0.416358
792.064000,0.416422
792.071000,0.416378
792.078000,0.416296
792.085000,0.416190
792.092000,0.416062
792.099000,0.415916
792.106000,0.415766
792.113000,0.415623
792.120000,0.415640
792.127000,0.415717
792.134000,0.415811
792.141000,0.415827
792.148000,0.415792
792.155000,0.415717
792.162000,0.415612
792.169000,0.415618
792.176000,0.415576
792.183000,0.415494
792.190000,0.415385
792.197000,0.415262
792.204000,0.415472
792.211000,0.415695
792.218000,0.415809
792.225000,0.415854
792.232000,0.415843
792.239000,0.415787
792.246000,0.415696
792.253000,0.415584
792.260000,0.415458
792.267000,0.415497
792.274000,0.415443
792.281000,0.415353
792.288000,0.415242
792.295000,0.415349
792.302000,0.415296
792.309000,0.415208
792.316000,0.415099
792.323000,0.414981
792.330000,0.414860
792.337000,0.414971
792.344000,0.415133
792.351000,0.415330
792.358000,0.415422
792.365000,0.415449
792.372000,0.415423
792.379000,0.415496
792.386000,0.415507
792.393000,0.415469
792.400000,0.415391
792.407000,0.415288
792.414000,0.415362
792.421000,0.415319
792.428000,0.415238
792.435000,0.415334
792.442000,0.415308
792.449000,0.415240
792.456000,0.415143
792.463000,0.415448
792.470000,0.415510
792.477000,0.415512
792.484000,0.415467
792.491000,0.415384
792.498000,0.415280
792.505000,0.415164
792.512000,0.415037
792.519000,0.414903
792.526000,0.414766
792.533000,0.414633
792.540000,0.414506
792.547000,0.414528
792.554000,0.414703
792.561000,0.414717
792.568000,0.414680
792.575000,0.414603
792.582000,0.414502
792.589000,0.414392
792.596000,0.414536
792.603000,0.414487
792.610000,0.414410
792.617000,0.414320
792.624000,0.414228
792.631000,0.414143
792.638000,0.414068
792.645000,0.414009
792.652000,0.413964
792.659000,0.413926
792.666000,0.413894
792.673000,0.413865
792.680000,0.413837
792.687000,0.413808
792.694000,0.413912
792.701000,0.414152
792.708000,0.414261
792.715000,0.414317
792.722000,0.414447
792.729000,0.414540
792.736000,0.414555
792.743000,0.414497
792.750000,0.414416
792.757000,0.414320
792.764000,0.414198
792.771000,0.414018
792.778000,0.413850
792.785000,0.413685
792.792000,0.413523
792.799000,0.413460
792.806000,0.413298
792.813000,0.413150
792.820000,0.413002
792.827000,0.412975
792.834000,0.412836
792.841000,0.412701
792.848000,0.412561
792.855000,0.412420
792.862000,0.412278
792.869000,0.412137
792.876000,0.411998
792.883000,0.411860
792.890000,0.411725
792.897000,0.411594
792.904000,0.411466
792.911000,0.411342
792.918000,0.411222
792.925000,0.411248
792.932000,0.411183
792.938000,0.411107
792.946000,0.411025
792.953000,0.410937
792.960000,0.410846
792.967000,0.410926
792.974000,0.410920
792.981000,0.410890
792.988000,0.410843
792.995000,0.410783
793.002000,0.410713
793.009000,0.410858
793.016000,0.410872
793.023000,0.410852
793.030000,0.410964
793.037000,0.410977
793.044000,0.410965
793.051000,0.410922
793.058000,0.411021
793.065000,0.411093
793.072000,0.411060
793.079000,0.411010
793.086000,0.410936
793.093000,0.410844
793.100000,0.410740
793.107000,0.410628
793.114000,0.410512
793.121000,0.410394
793.128000,0.410277
793.135000,0.410162
793.142000,0.410049
793.149000,0.409939
793.156000,0.410014
793.163000,0.410013
793.170000,0.409993
793.177000,0.410090
793.184000,0.410058
793.191000,0.410035
793.198000,0.410004
793.205000,0.409967
793.212000,0.409926
793.219000,0.409882
793.226000,0.409837
793.233000,0.409791
793.240000,0.409745
793.247000,0.409699
793.254000,0.409654
793.261000,0.409794
793.268000,0.409839
793.275000,0.409870
793.282000,0.409891
793.289000,0.409902
793.296000,0.409907
793.303000,0.409906
793.310000,0.409902
793.317000,0.410003
793.324000,0.410063
793.331000,0.410114
793.338000,0.410156
793.345000,0.410191
793.352000,0.410286
793.359000,0.410473
793.366000,0.410600
793.373000,0.410713
793.380000,0.410813
793.387000,0.410939
793.394000,0.411038
793.401000,0.411134
793.408000,0.411225
793.415000,0.411283
793.422000,0.411339
793.429000,0.411402
793.436000,0.411455
793.443000,0.411488
793.450000,0.411525
793.457000,0.411571
793.464000,0.411631
793.471000,0.411705
793.478000,0.411787
793.485000,0.411873
793.492000,0.411962
793.499000,0.411972
793.506000,0.412020
793.513000,0.412090
793.520000,0.412177
793.527000,0.412274
793.534000,0.412377
793.541000,0.412484
793.548000,0.412591
793.555000,0.412698
793.562000,0.412803
793.569000,0.412904
793.576000,0.413002
793.583000,0.413095
793.590000,0.413183
793.597000,0.413268
793.604000,0.413350
793.611000,0.413427
793.618000,0.413500
793.625000,0.413569
793.632000,0.413634
793.639000,0.413694
793.646000,0.414835
793.653000,0.415203
793.660000,0.415631
793.667000,0.415964
793.674000,0.416135
793.681000,0.416243
793.688000,0.416259
793.695000,0.416142
793.702000,0.416182
793.709000,0.416267
793.716000,0.416390
793.723000,0.416548
793.730000,0.416735
793.737000,0.416708
793.744000,0.416659
793.751000,0.416615
793.758000,0.416526
793.765000,0.416424
793.772000,0.416456
793.779000,0.416543
793.786000,0.416649
793.793000,0.416314
793.800000,0.416183
793.807000,0.415969
793.814000,0.415820
793.821000,0.415716
793.828000,0.415654
793.835000,0.415630
793.842000,0.415512
793.849000,0.415424
793.856000,0.415358
793.863000,0.415239
793.870000,0.415117
793.877000,0.415005
793.884000,0.414908
793.891000,0.414830
793.898000,0.414774
793.905000,0.414733
793.912000,0.414627
793.919000,0.413777
793.926000,0.410386
793.933000,0.408061
793.940000,0.407766
793.947000,0.408032
793.954000,0.408235
793.961000,0.408924
793.968000,0.409312
793.975000,0.409661
793.982000,0.409977
793.989000,0.410263
793.996000,0.410523
794.003000,0.410760
794.010000,0.410976
794.017000,0.411175
794.024000,0.411357
794.031000,0.411526
794.038000,0.411681
794.045000,0.411824
794.052000,0.411957
794.059000,0.412079
794.066000,0.412193
794.072000,0.412138
794.080000,0.412194
794.087000,0.412272
794.094000,0.412366
794.101000,0.412471
794.108000,0.412583
794.115000,0.412698
794.122000,0.412815
794.129000,0.412931
794.136000,0.413028
794.143000,0.413121
794.150000,0.413219
794.157000,0.413316
794.164000,0.413412
794.171000,0.413504
794.178000,0.413593
794.185000,0.413679
794.192000,0.413761
794.199000,0.413839
794.206000,0.413913
794.213000,0.413983
794.220000,0.414049
794.227000,0.414112
794.234000,0.414171
794.241000,0.414227
794.248000,0.414279
794.255000,0.414329
794.262000,0.414375
794.269000,0.414418
794.276000,0.414458
794.283000,0.414496
794.290000,0.414530
794.297000,0.414562
794.304000,0.414592
794.311000,0.414619
794.318000,0.414644
794.325000,0.414527
794.332000,0.414315
794.339000,0.414081
794.346000,0.413845
794.353000,0.413504
794.360000,0.413181
794.367000,0.412897
794.374000,0.412635
794.381000,0.412389
794.388000,0.412161
794.395000,0.411946
794.402000,0.411745
794.409000,0.411670
794.416000,0.411519
794.423000,0.411383
794.430000,0.411258
794.437000,0.411287
794.444000,0.411370
794.451000,0.411524
794.458000,0.411715
794.465000,0.411929
794.472000,0.412157
794.479000,0.412393
794.486000,0.412632
794.493000,0.412869
794.500000,0.413102
794.507000,0.413329
794.514000,0.413547
794.521000,0.413756
794.528000,0.413958
794.535000,0.414151
794.542000,0.415349
794.549000,0.415864
794.556000,0.416704
794.563000,0.419336
794.570000,0.420125
794.577000,0.420012
794.584000,0.419877
794.591000,0.420940
794.598000,0.421189
794.605000,0.421153
794.612000,0.421040
794.619000,0.420940
794.626000,0.420835
794.633000,0.420722
794.640000,0.420602
794.647000,0.420476
794.654000,0.420346
794.661000,0.420211
794.668000,0.420069
794.675000,0.419926
794.682000,0.419780
794.689000,0.419630
794.696000,0.419477
794.703000,0.419320
794.710000,0.418933
794.717000,0.418710
794.724000,0.418549
794.731000,0.418399
794.738000,0.418259
794.745000,0.418124
794.752000,0.417986
794.759000,0.417843
794.766000,0.417694
794.773000,0.417404
794.780000,0.417273
794.787000,0.417159
794.794000,0.417066
794.801000,0.417003
794.808000,0.416932
794.815000,0.416806
794.822000,0.416589
794.829000,0.416469
794.836000,0.416376
794.843000,0.416320
794.850000,0.416301
794.857000,0.416318
794.864000,0.416233
794.871000,0.416122
794.878000,0.416105
794.885000,0.416150
794.892000,0.416177
794.899000,0.416133
794.906000,0.415796
794.913000,0.415746
794.920000,0.415761
794.927000,0.415753
794.934000,0.415722
794.941000,0.415776
794.948000,0.415891
794.955000,0.415549
794.962000,0.415415
794.969000,0.415240
794.976000,0.415118
794.983000,0.415029
794.990000,0.414971
794.997000,0.414866
795.004000,0.414787
795.011000,0.414697
795.018000,0.414599
795.025000,0.414501
795.032000,0.414414
795.039000,0.414346
795.046000,0.414253
795.053000,0.414195
795.060000,0.414118
795.067000,0.414027
795.074000,0.414097
795.081000,0.414070
795.088000,0.414017
795.095000,0.413944
795.102000,0.413854
795.109000,0.413756
795.116000,0.413656
795.123000,0.413556
795.130000,0.413462
795.137000,0.413378
795.144000,0.413312
795.151000,0.413265
795.158000,0.413242
795.165000,0.413246
795.172000,0.413276
795.179000,0.413333
795.186000,0.413388
795.193000,0.413442
795.200000,0.413491
795.207000,0.413535
795.214000,0.413514
795.221000,0.413389
795.228000,0.413401
795.235000,0.413424
795.242000,0.413386
795.249000,0.413335
795.256000,0.413252
795.263000,0.413157
795.270000,0.413060
795.277000,0.412972
795.284000,0.412900
795.291000,0.412997
795.298000,0.412997
795.305000,0.413047
795.312000,0.413178
795.319000,0.413245
795.326000,0.413402
795.333000,0.413431
795.340000,0.413413
795.347000,0.413378
795.354000,0.413311
795.361000,0.413227
795.368000,0.413275
795.375000,0.413319
795.382000,0.413332
795.389000,0.413300
795.396000,0.413232
795.403000,0.413135
795.410000,0.413018
795.417000,0.412888
795.424000,0.413042
795.431000,0.413045
795.438000,0.413199
795.445000,0.413205
795.452000,0.413179
795.459000,0.413115
795.466000,0.413022
795.473000,0.412905
795.480000,0.412785
795.487000,0.412646
795.494000,0.412682
795.501000,0.412610
795.508000,0.412510
795.515000,0.412413
795.522000,0.412287
795.529000,0.412159
795.536000,0.412025
795.543000,0.411892
795.550000,0.411772
795.557000,0.411963
795.564000,0.412244
795.571000,0.412356
795.578000,0.412406
795.585000,0.412405
795.592000,0.412561
795.599000,0.412579
795.606000,0.412565
795.613000,0.412533
795.620000,0.412459
795.627000,0.412355
795.634000,0.412224
795.641000,0.412073
795.648000,0.411915
795.655000,0.411764
795.662000,0.411836
795.669000,0.411828
795.676000,0.411783
795.683000,0.411714
795.690000,0.411645
795.697000,0.411579
795.704000,0.411504
795.711000,0.411445
795.718000,0.411370
795.725000,0.411260
795.732000,0.411132
795.739000,0.411021
795.746000,0.410972
795.753000,0.410947
795.760000,0.411002
795.767000,0.411056
795.774000,0.411040
795.781000,0.411014
795.788000,0.411014
795.795000,0.411072
795.802000,0.411160
795.809000,0.411197
795.816000,0.411409
795.823000,0.411715
795.830000,0.411707
795.837000,0.411566
795.844000,0.411468
795.851000,0.411375
795.858000,0.411460
795.865000,0.411648
795.872000,0.411614
795.879000,0.411478
795.886000,0.411367
795.893000,0.411440
795.900000,0.411448
795.907000,0.411315
795.914000,0.411467
795.921000,0.411747
795.928000,0.411875
795.935000,0.411985
795.942000,0.412097
795.949000,0.412031
795.956000,0.411868
795.963000,0.411699
795.970000,0.411532
795.977000,0.411377
795.984000,0.411266
795.991000,0.411200
795.998000,0.411196
796.005000,0.411298
796.012000,0.411481
796.019000,0.411724
796.026000,0.411895
796.033000,0.412039
796.040000,0.412158
796.047000,0.412276
796.054000,0.412489
796.061000,0.412739
796.068000,0.413036
796.075000,0.413274
796.082000,0.413027
796.089000,0.412984
796.096000,0.413118
796.103000,0.413330
796.110000,0.413601
796.117000,0.413923
796.124000,0.414285
796.131000,0.414676
796.138000,0.415083
796.145000,0.415293
796.152000,0.415486
796.159000,0.415659
796.166000,0.415804
796.173000,0.415938
796.180000,0.415966
796.187000,0.416079
796.194000,0.416105
796.201000,0.416140
796.208000,0.416238
796.215000,0.416270
796.222000,0.415974
796.229000,0.415828
796.236000,0.415386
796.243000,0.415019
796.250000,0.414663
796.257000,0.414328
796.264000,0.414055
796.271000,0.413805
796.278000,0.413615
796.285000,0.413576
796.292000,0.413714
796.299000,0.413958
796.306000,0.413779
796.313000,0.413626
796.320000,0.413494
796.327000,0.413515
796.334000,0.413301
796.341000,0.413131
796.348000,0.412964
796.355000,0.412842
796.362000,0.412864
796.369000,0.412729
796.376000,0.412712
796.383000,0.412595
796.390000,0.412437
796.397000,0.412307
796.404000,0.412182
796.411000,0.412190
796.418000,0.412031
796.425000,0.411884
796.432000,0.411743
796.439000,0.411624
796.446000,0.411682
796.453000,0.411905
796.460000,0.412223
796.467000,0.412614
796.474000,0.413059
796.481000,0.413550
796.488000,0.414078
796.495000,0.414628
796.502000,0.415174
796.509000,0.415205
796.516000,0.415112
796.523000,0.414802
796.530000,0.414366
796.537000,0.414089
796.544000,0.413827
796.551000,0.413599
796.558000,0.413407
796.565000,0.413291
796.572000,0.413084
796.579000,0.412905
796.586000,0.412859
796.593000,0.412694
796.600000,0.412538
796.607000,0.412386
796.614000,0.412241
796.621000,0.412272
796.628000,0.412120
796.635000,0.411981
796.642000,0.411849
796.649000,0.411900
796.656000,0.411796
796.663000,0.411867
796.670000,0.411736
796.677000,0.411813
796.684000,0.411824
796.691000,0.411705
796.698000,0.411583
796.705000,0.411464
796.712000,0.411386
796.719000,0.411530
796.726000,0.411392
796.733000,0.411270
796.740000,0.411158
796.747000,0.411050
796.754000,0.411199
796.761000,0.411162
796.768000,0.411067
796.775000,0.410956
796.782000,0.410977
796.789000,0.411121
796.795000,0.411497
796.803000,0.411538
796.810000,0.411699
796.817000,0.411995
796.824000,0.412095
796.831000,0.412175
796.838000,0.412392
796.845000,0.412695
796.852000,0.413048
796.859000,0.413056
796.866000,0.413014
796.873000,0.413111
796.880000,0.413321
796.887000,0.413508
796.894000,0.413785
796.901000,0.414099
796.908000,0.414437
796.915000,0.414787
796.922000,0.415144
796.929000,0.415500
796.936000,0.415852
796.943000,0.415460
796.950000,0.415219
796.957000,0.415175
796.964000,0.415201
796.971000,0.415288
796.978000,0.415107
796.985000,0.415068
796.992000,0.415083
796.999000,0.415146
797.006000,0.415251
797.013000,0.415394
797.020000,0.415571
797.027000,0.415779
797.034000,0.416014
797.041000,0.416276
797.048000,0.416561
797.055000,0.416862
797.062000,0.416638
797.069000,0.416642
797.076000,0.416710
797.083000,0.416832
797.090000,0.417002
797.097000,0.417211
797.104000,0.417455
797.111000,0.417726
797.118000,0.417417
797.125000,0.417430
797.132000,0.417504
797.139000,0.417631
797.146000,0.417803
797.153000,0.418015
797.160000,0.418260
797.167000,0.417587
797.174000,0.417287
797.181000,0.417100
797.188000,0.416984
797.195000,0.416931
797.202000,0.416935
797.209000,0.416987
797.216000,0.417084
797.223000,0.417219
797.230000,0.417389
797.237000,0.416961
797.244000,0.416916
797.251000,0.416926
797.258000,0.416984
797.265000,0.416783
797.272000,0.416601
797.279000,0.416517
797.286000,0.416488
797.293000,0.416169
797.300000,0.415890
797.307000,0.415615
797.314000,0.415368
797.321000,0.415132
797.328000,0.414921
797.335000,0.414734
797.342000,0.414577
797.349000,0.414450
797.356000,0.414355
797.363000,0.414254
797.370000,0.414161
797.377000,0.414080
797.384000,0.414021
797.391000,0.413982
797.398000,0.413966
797.405000,0.413976
797.412000,0.414013
797.419000,0.414076
797.426000,0.414169
797.433000,0.414289
797.440000,0.414433
797.447000,0.414601
797.454000,0.414792
797.461000,0.414691
797.468000,0.414748
797.475000,0.414835
797.482000,0.414952
797.489000,0.415096
797.496000,0.415266
797.503000,0.415165
797.510000,0.415185
797.517000,0.415240
797.524000,0.415132
797.531000,0.414975
797.538000,0.414875
797.545000,0.414791
797.552000,0.414729
797.559000,0.414691
797.566000,0.414614
797.573000,0.414557
797.580000,0.414510
797.587000,0.414478
797.594000,0.414465
797.601000,0.414475
797.608000,0.414508
797.615000,0.414567
797.622000,0.414650
797.629000,0.414759
797.636000,0.414893
797.643000,0.415051
797.650000,0.415233
797.657000,0.415439
797.664000,0.415666
797.671000,0.415913
797.678000,0.415662
797.685000,0.415719
797.692000,0.415816
797.699000,0.415952
797.706000,0.416121
797.713000,0.415985
797.720000,0.415711
797.727000,0.415592
797.734000,0.415511
797.741000,0.415469
797.748000,0.415463
797.755000,0.415294
797.762000,0.415199
797.769000,0.415088
797.776000,0.414962
797.783000,0.414819
797.790000,0.414678
797.797000,0.414545
797.804000,0.414427
797.811000,0.414369
797.818000,0.414291
797.825000,0.414208
797.832000,0.414129
797.839000,0.414116
797.846000,0.414053
797.853000,0.413983
797.860000,0.413918
797.867000,0.413865
797.874000,0.413827
797.881000,0.413808
797.888000,0.413812
797.895000,0.413856
797.902000,0.413887
797.909000,0.413918
797.916000,0.413954
797.923000,0.414002
797.930000,0.414063
797.937000,0.414141
797.944000,0.414201
797.951000,0.414260
797.958000,0.414320
797.965000,0.414387
797.972000,0.414464
797.979000,0.414556
797.986000,0.414551
797.993000,0.414575
798.000000,0.414609
798.007000,0.414566
798.014000,0.414552
798.021000,0.414498
798.028000,0.414438
798.035000,0.414374
798.042000,0.414315
798.049000,0.414268
798.056000,0.414238
798.063000,0.414228
798.070000,0.414242
798.077000,0.414279
798.084000,0.414341
798.091000,0.414307
798.098000,0.414327
798.105000,0.414361
798.112000,0.414411
798.119000,0.414481
798.126000,0.414442
798.133000,0.414450
798.140000,0.414422
798.147000,0.414398
798.154000,0.414355
798.161000,0.414292
798.168000,0.414220
798.175000,0.414148
798.182000,0.414087
798.189000,0.414041
798.196000,0.414013
798.203000,0.414006
798.210000,0.414024
798.217000,0.414067
798.224000,0.414135
798.231000,0.414229
798.238000,0.414349
798.245000,0.414493
798.252000,0.414661
798.259000,0.414852
798.266000,0.414814
798.273000,0.414862
798.280000,0.414941
798.287000,0.414910
798.294000,0.414870
798.301000,0.414886
798.308000,0.414931
798.315000,0.414793
798.322000,0.414772
798.329000,0.414775
798.336000,0.414733
798.343000,0.414658
798.350000,0.414587
798.357000,0.414506
798.364000,0.414426
798.371000,0.414360
798.378000,0.414266
798.385000,0.414166
798.392000,0.414071
798.399000,0.413988
798.406000,0.413970
798.413000,0.413911
798.420000,0.413912
798.427000,0.413852
798.434000,0.413774
798.441000,0.413691
798.448000,0.413614
798.455000,0.413549
798.462000,0.413501
798.469000,0.413474
798.476000,0.413469
798.483000,0.413489
798.490000,0.413533
798.497000,0.413602
798.504000,0.413696
798.511000,0.413815
798.518000,0.413865
798.525000,0.413943
798.532000,0.413979
798.539000,0.414021
798.546000,0.414063
798.553000,0.414081
798.560000,0.414090
798.567000,0.414093
798.574000,0.414073
798.581000,0.414036
798.588000,0.413992
798.595000,0.413951
798.602000,0.413919
798.609000,0.413902
798.616000,0.413905
798.623000,0.413924
798.630000,0.413903
798.637000,0.413904
798.644000,0.413914
798.651000,0.413939
798.658000,0.413981
798.665000,0.413946
798.672000,0.413952
798.679000,0.413966
798.686000,0.413995
798.693000,0.414040
798.700000,0.414106
798.707000,0.414058
798.714000,0.414070
798.721000,0.414053
798.728000,0.414038
798.735000,0.414023
798.742000,0.414015
798.749000,0.414019
798.756000,0.413984
798.763000,0.413962
798.770000,0.413945
798.777000,0.413939
798.784000,0.413949
798.791000,0.413977
798.798000,0.414027
798.805000,0.414100
798.812000,0.414196
798.819000,0.414316
798.826000,0.414213
798.833000,0.414253
798.840000,0.414314
798.847000,0.414399
798.854000,0.414507
798.861000,0.414429
798.868000,0.414448
798.875000,0.414490
798.882000,0.414556
798.889000,0.414645
798.896000,0.414759
798.903000,0.414897
798.910000,0.415058
798.917000,0.415243
798.924000,0.415449
798.931000,0.415679
798.938000,0.415928
798.945000,0.416197
798.952000,0.416484
798.959000,0.416289
798.966000,0.416231
798.973000,0.416001
798.980000,0.415771
798.987000,0.415366
798.994000,0.415112
799.001000,0.414886
799.008000,0.414674
799.015000,0.414463
799.022000,0.414242
799.029000,0.414054
799.036000,0.413872
799.043000,0.413755
799.050000,0.413691
799.057000,0.413713
799.064000,0.413763
799.071000,0.413822
799.078000,0.413845
799.085000,0.413847
799.092000,0.413842
799.099000,0.413838
799.106000,0.413842
799.113000,0.413858
799.120000,0.413901
799.127000,0.413916
799.134000,0.413890
799.141000,0.413846
799.148000,0.413794
799.155000,0.413745
799.162000,0.413704
799.169000,0.413679
799.176000,0.413672
799.183000,0.413687
799.190000,0.413725
799.197000,0.413729
799.204000,0.413747
799.211000,0.413773
799.218000,0.413812
799.225000,0.413867
799.232000,0.413941
799.239000,0.414035
799.246000,0.414150
799.253000,0.414088
799.260000,0.414112
799.267000,0.414154
799.274000,0.414216
799.281000,0.414301
799.288000,0.414408
799.295000,0.414537
799.302000,0.414689
799.309000,0.414864
799.316000,0.414787
799.323000,0.414803
799.330000,0.414854
799.337000,0.414793
799.344000,0.414724
799.351000,0.414719
799.358000,0.414744
799.365000,0.414800
799.372000,0.414884
799.379000,0.414997
799.386000,0.415135
799.393000,0.415299
799.400000,0.415486
799.407000,0.415001
799.414000,0.414838
799.421000,0.414688
799.428000,0.414556
799.435000,0.414446
799.442000,0.414362
799.449000,0.414306
799.456000,0.414241
799.463000,0.414185
799.470000,0.414139
799.477000,0.414107
799.484000,0.414094
799.491000,0.414102
799.498000,0.414135
799.505000,0.414191
799.512000,0.414272
799.519000,0.414378
799.526000,0.414508
799.533000,0.414409
799.540000,0.414448
799.547000,0.414512
799.554000,0.414464
799.561000,0.414459
799.568000,0.414472
799.575000,0.414506
799.582000,0.414562
799.589000,0.414643
799.596000,0.414747
799.603000,0.414875
799.610000,0.415026
799.617000,0.415200
799.624000,0.415398
799.631000,0.415616
799.638000,0.415855
799.645000,0.415653
799.652000,0.415692
799.659000,0.415771
799.666000,0.415888
799.673000,0.416039
799.680000,0.416220
799.687000,0.416430
799.694000,0.416665
799.701000,0.416923
799.708000,0.417204
799.715000,0.417504
799.722000,0.417444
799.729000,0.416883
799.736000,0.416412
799.743000,0.416059
799.750000,0.415784
799.757000,0.415560
799.764000,0.415345
799.771000,0.415141
799.778000,0.414950
799.785000,0.414773
799.792000,0.414618
799.799000,0.414522
799.806000,0.414403
799.813000,0.414285
799.820000,0.414177
799.827000,0.414084
799.834000,0.414011
799.841000,0.413961
799.848000,0.413937
799.855000,0.413939
799.862000,0.413966
799.869000,0.414020
799.876000,0.414099
799.883000,0.414203
799.890000,0.414331
799.897000,0.414483
799.904000,0.414658
799.911000,0.414854
799.918000,0.415071
799.925000,0.415308
799.932000,0.415153
799.939000,0.415240
799.946000,0.415359
799.953000,0.415508
799.960000,0.415683
799.967000,0.415883
799.974000,0.415758
799.981000,0.415779
799.988000,0.415840
799.995000,0.415938
800.002000,0.416070
800.009000,0.416232
800.016000,0.416422
800.023000,0.416638
800.030000,0.416877
800.037000,0.417138
800.044000,0.417418
800.051000,0.417717
800.058000,0.418033
800.065000,0.418759
800.072000,0.419311
800.079000,0.421747
800.086000,0.423310
800.093000,0.424120
800.100000,0.424781
800.107000,0.425236
800.114000,0.425532
800.121000,0.425470
800.128000,0.425286
800.135000,0.424808
800.142000,0.424292
800.149000,0.424037
800.156000,0.423561
800.163000,0.423335
800.170000,0.422824
800.177000,0.422576
800.184000,0.422316
800.191000,0.422085
800.198000,0.421871
800.205000,0.422169
800.212000,0.422282
800.219000,0.422328
800.226000,0.422320
800.233000,0.422270
800.240000,0.422182
800.247000,0.422084
800.254000,0.421721
800.261000,0.421598
800.268000,0.421484
800.275000,0.421389
800.282000,0.421073
800.289000,0.420953
800.296000,0.420840
800.303000,0.420730
800.310000,0.420449
800.317000,0.420329
800.324000,0.420216
800.331000,0.420117
800.338000,0.419878
800.345000,0.419770
800.352000,0.419661
800.359000,0.419395
800.366000,0.419261
800.373000,0.419137
800.380000,0.419019
800.387000,0.418910
800.394000,0.418802
800.401000,0.418695
800.408000,0.418589
800.415000,0.418442
800.422000,0.418365
800.429000,0.418265
800.436000,0.418162
800.443000,0.418057
800.450000,0.417952
800.457000,0.417846
800.464000,0.417739
800.471000,0.417633
800.478000,0.417527
800.485000,0.417412
800.492000,0.417341
800.499000,0.417244
800.506000,0.417142
800.513000,0.417037
800.520000,0.416932
800.527000,0.416827
800.534000,0.416720
800.541000,0.416609
800.548000,0.416496
800.555000,0.416381
800.562000,0.416265
800.569000,0.416148
800.576000,0.416274
800.583000,0.416248
800.590000,0.416201
800.597000,0.416131
800.604000,0.416043
800.611000,0.415943
800.618000,0.415941
800.625000,0.416098
800.632000,0.416102
800.639000,0.416063
800.646000,0.416000
800.653000,0.415919
800.660000,0.415824
800.667000,0.415720
800.674000,0.415611
800.681000,0.415499
800.688000,0.415386
800.695000,0.415271
800.702000,0.415155
800.709000,0.415083
800.716000,0.414990
800.723000,0.414888
800.730000,0.414795
800.737000,0.414688
800.744000,0.414577
800.751000,0.414661
800.758000,0.414625
800.765000,0.414566
800.772000,0.414486
800.779000,0.414391
800.786000,0.414287
800.793000,0.414178
800.800000,0.414066
800.807000,0.413952
800.814000,0.413837
800.821000,0.413721
800.828000,0.413604
800.835000,0.413487
800.842000,0.413370
800.849000,0.413250
800.856000,0.413128
800.863000,0.413105
800.870000,0.413018
800.877000,0.412917
800.884000,0.412805
800.891000,0.412688
800.898000,0.412566
800.905000,0.412442
800.912000,0.412313
800.919000,0.412182
800.926000,0.412054
800.933000,0.411929
800.940000,0.411905
800.947000,0.411834
800.954000,0.411746
800.961000,0.411648
800.968000,0.411547
800.975000,0.412248
800.982000,0.412364
800.989000,0.412496
800.996000,0.412434
801.003000,0.412304
801.010000,0.412392
801.017000,0.412310
801.024000,0.412191
801.031000,0.412068
801.038000,0.411941
801.045000,0.411834
801.052000,0.411724
801.059000,0.411610
801.066000,0.411493
801.073000,0.411372
801.080000,0.411268
801.087000,0.411263
801.094000,0.411558
801.101000,0.411833
801.108000,0.411609
801.115000,0.411564
801.122000,0.411801
801.129000,0.411591
801.136000,0.411421
801.143000,0.411297
801.150000,0.411292
801.157000,0.411184
801.164000,0.411130
801.171000,0.411033
801.178000,0.410898
801.185000,0.410770
801.192000,0.410645
801.199000,0.410527
801.206000,0.410422
801.213000,0.410319
801.220000,0.410438
801.227000,0.410389
801.234000,0.410324
801.241000,0.410249
801.248000,0.410171
801.255000,0.410096
801.262000,0.410024
801.269000,0.409956
801.276000,0.409889
801.283000,0.410102
801.290000,0.410070
801.297000,0.410040
801.304000,0.409984
801.311000,0.409929
801.318000,0.409871
801.325000,0.410082
801.332000,0.410233
801.339000,0.410244
801.346000,0.410196
801.353000,0.410161
801.360000,0.410104
801.367000,0.410046
801.374000,0.410206
801.381000,0.410190
801.388000,0.410310
801.395000,0.410428
801.402000,0.410399
801.409000,0.410348
801.416000,0.410307
801.423000,0.410444
801.430000,0.410405
801.437000,0.410381
801.444000,0.410519
801.451000,0.410480
801.458000,0.410450
801.465000,0.410423
801.472000,0.410558
801.479000,0.410512
801.486000,0.410477
801.493000,0.410447
801.500000,0.410419
801.507000,0.410396
801.514000,0.410372
801.521000,0.410349
801.528000,0.410328
801.535000,0.410308
801.542000,0.410289
801.549000,0.410272
801.556000,0.410274
801.563000,0.410411
801.570000,0.410537
801.577000,0.410528
801.584000,0.410486
801.591000,0.410459
801.598000,0.410418
801.605000,0.410376
801.612000,0.410331
801.619000,0.410296
801.626000,0.410341
801.633000,0.411121
801.640000,0.411371
801.647000,0.411420
801.654000,0.411419
801.661000,0.411397
801.668000,0.411706
801.675000,0.411992
801.682000,0.412265
801.689000,0.412434
801.696000,0.412507
801.703000,0.412476
801.710000,0.412250
801.717000,0.412131
801.724000,0.412128
801.731000,0.412002
801.738000,0.412090
801.745000,0.412151
801.752000,0.412216
801.759000,0.412306
801.766000,0.412419
801.773000,0.412545
801.780000,0.412648
801.787000,0.412730
801.794000,0.412836
801.801000,0.412957
801.808000,0.413095
801.815000,0.413251
801.822000,0.413426
801.829000,0.413553
801.836000,0.413745
801.843000,0.413811
801.850000,0.413798
801.857000,0.413876
801.864000,0.413986
801.871000,0.414127
801.878000,0.414296
801.885000,0.414491
801.892000,0.414710
801.899000,0.414952
801.906000,0.415215
801.913000,0.415423
801.920000,0.415502
801.927000,0.415552
801.934000,0.415579
801.941000,0.415653
801.948000,0.415804
801.955000,0.415992
801.962000,0.416205
801.969000,0.416433
801.976000,0.416671
801.983000,0.416913
801.990000,0.416893
801.997000,0.416686
802.004000,0.416549
802.011000,0.416531
802.018000,0.416602
802.025000,0.416723
802.032000,0.416852
802.039000,0.416976
802.046000,0.417101
802.053000,0.417226
802.060000,0.417284
802.067000,0.417387
802.074000,0.417494
802.081000,0.417604
802.088000,0.417306
802.095000,0.417189
802.102000,0.417121
802.109000,0.416782
802.116000,0.416304
802.123000,0.415922
802.130000,0.415536
802.137000,0.415167
802.144000,0.414781
802.151000,0.414431
802.158000,0.414128
802.165000,0.413887
802.172000,0.413607
802.179000,0.413495
802.186000,0.413432
802.193000,0.413190
802.200000,0.412944
802.207000,0.412838
802.214000,0.412744
802.221000,0.412536
802.228000,0.412327
802.235000,0.412239
802.242000,0.412081
802.249000,0.411931
802.256000,0.411783
802.263000,0.411640
802.270000,0.411503
802.277000,0.411371
802.284000,0.411244
802.291000,0.411122
802.298000,0.411082
802.305000,0.411237
802.312000,0.411527
802.319000,0.411779
802.326000,0.411879
802.333000,0.412070
802.340000,0.412391
802.347000,0.412778
802.354000,0.413210
802.361000,0.413382
802.368000,0.413314
802.375000,0.413194
802.382000,0.412947
802.389000,0.412756
802.396000,0.412582
802.403000,0.412480
802.410000,0.412398
802.417000,0.412242
802.424000,0.412097
802.431000,0.411999
802.438000,0.412020
802.445000,0.412207
802.452000,0.412491
802.459000,0.412846
802.466000,0.413256
802.473000,0.413705
802.480000,0.414151
802.487000,0.414617
802.494000,0.415090
802.501000,0.415560
802.508000,0.416024
802.515000,0.416476
802.522000,0.416913
802.529000,0.416661
802.536000,0.416560
802.543000,0.416133
802.550000,0.415696
802.557000,0.415316
802.564000,0.414845
802.571000,0.414580
802.578000,0.414287
802.585000,0.414009
802.592000,0.413745
802.599000,0.413493
802.606000,0.413267
802.613000,0.413077
802.620000,0.412975
802.627000,0.412768
802.634000,0.412581
802.641000,0.412431
802.648000,0.412291
802.655000,0.412157
802.662000,0.412028
802.669000,0.411905
802.676000,0.411813
802.683000,0.411913
802.690000,0.411973
802.697000,0.412086
802.704000,0.411923
802.711000,0.411781
802.718000,0.411649
802.725000,0.411719
802.732000,0.411578
802.739000,0.411644
802.746000,0.411508
802.753000,0.411383
802.760000,0.411265
802.767000,0.411150
802.774000,0.411039
802.781000,0.411372
802.788000,0.411227
802.795000,0.411104
802.802000,0.410990
802.809000,0.411102
802.816000,0.410971
802.823000,0.410857
802.830000,0.410989
802.837000,0.411099
802.844000,0.410967
802.851000,0.410853
802.858000,0.410749
802.865000,0.410649
802.872000,0.410550
802.879000,0.410753
802.886000,0.410673
802.893000,0.410558
802.900000,0.410453
802.907000,0.410584
802.914000,0.410721
802.921000,0.410595
802.928000,0.410481
802.935000,0.410377
802.942000,0.410281
802.949000,0.410192
802.956000,0.410635
802.963000,0.410489
802.970000,0.410637
802.977000,0.410941
802.984000,0.411251
802.991000,0.411575
802.998000,0.411989
803.005000,0.412105
803.012000,0.412364
803.019000,0.412634
803.026000,0.412915
803.033000,0.413207
803.040000,0.413512
803.047000,0.413553
803.054000,0.413728
803.061000,0.413918
803.068000,0.414124
803.075000,0.414346
803.082000,0.414584
803.089000,0.414829
803.096000,0.415075
803.103000,0.415320
803.110000,0.415562
803.117000,0.415799
803.124000,0.416028
803.131000,0.416248
803.138000,0.416459
803.145000,0.416144
803.152000,0.416136
803.159000,0.416191
803.166000,0.416298
803.173000,0.416440
803.180000,0.416607
803.187000,0.416789
803.194000,0.416981
803.201000,0.417177
803.208000,0.417376
803.215000,0.417574
803.222000,0.417768
803.229000,0.417957
803.236000,0.418139
803.243000,0.418314
803.250000,0.418481
803.257000,0.418640
803.264000,0.418790
803.271000,0.418420
803.278000,0.418312
803.285000,0.418282
803.292000,0.417752
803.299000,0.417587
803.306000,0.417509
803.313000,0.417503
803.320000,0.417560
803.327000,0.417669
803.334000,0.417824
803.341000,0.417708
803.348000,0.417538
803.355000,0.417510
803.362000,0.417542
803.369000,0.417081
803.376000,0.416938
803.383000,0.416862
803.390000,0.416843
803.397000,0.416876
803.404000,0.416954
803.411000,0.417072
803.418000,0.416631
803.425000,0.416547
803.432000,0.416516
803.439000,0.416535
803.446000,0.416596
803.453000,0.416696
803.460000,0.416830
803.467000,0.416997
803.474000,0.417192
803.481000,0.416828
803.488000,0.416785
803.495000,0.416796
803.502000,0.416452
803.509000,0.416297
803.516000,0.416200
803.523000,0.416155
803.530000,0.416155
803.537000,0.416197
803.544000,0.416277
803.551000,0.416391
803.558000,0.416537
803.565000,0.416712
803.572000,0.416915
803.579000,0.417142
803.586000,0.417391
803.593000,0.417661
803.600000,0.417950
803.607000,0.418257
803.614000,0.418580
803.621000,0.418919
803.628000,0.419272
803.635000,0.419638
803.642000,0.420016
803.649000,0.420407
803.656000,0.420807
803.663000,0.421213
803.670000,0.421592
803.677000,0.422419
803.684000,0.422674
803.691000,0.422765
803.698000,0.422617
803.705000,0.422622
803.712000,0.422414
803.719000,0.422329
803.726000,0.422244
803.733000,0.422148
803.740000,0.422082
803.747000,0.422001
803.754000,0.421929
803.761000,0.421819
803.768000,0.421709
803.775000,0.421602
803.782000,0.421496
803.789000,0.421389
803.796000,0.421282
803.803000,0.421175
803.810000,0.421069
803.817000,0.420962
803.824000,0.420855
803.831000,0.420614
803.838000,0.420362
803.845000,0.420259
803.852000,0.420154
803.859000,0.420045
803.866000,0.419935
803.873000,0.419826
803.880000,0.419599
803.887000,0.419124
803.894000,0.418885
803.901000,0.418715
803.908000,0.418610
803.915000,0.418567
803.922000,0.418280
803.929000,0.418772
803.936000,0.418918
803.943000,0.418993
803.950000,0.419009
803.957000,0.418977
803.964000,0.418906
803.971000,0.418651
803.978000,0.418503
803.985000,0.418354
803.992000,0.418202
803.999000,0.418047
804.006000,0.417890
804.013000,0.417733
804.020000,0.417446
804.027000,0.417321
804.034000,0.417205
804.041000,0.417098
804.048000,0.416987
804.055000,0.416871
804.062000,0.416749
804.069000,0.416622
804.076000,0.416489
804.083000,0.416371
804.090000,0.416236
804.097000,0.416095
804.104000,0.415949
804.111000,0.415816
804.118000,0.415716
804.125000,0.415577
804.132000,0.415473
804.139000,0.415364
804.146000,0.415252
804.153000,0.415137
804.160000,0.415027
804.167000,0.414931
804.174000,0.414855
804.181000,0.414795
804.188000,0.414759
804.195000,0.414728
804.202000,0.414698
804.209000,0.414671
804.216000,0.414668
804.223000,0.414680
804.230000,0.414639
804.237000,0.414540
804.244000,0.414483
804.251000,0.414471
804.258000,0.414481
804.265000,0.414381
804.272000,0.414321
804.279000,0.414309
804.286000,0.414328
804.293000,0.414318
804.300000,0.414329
804.307000,0.414227
804.314000,0.414121
804.321000,0.414093
804.328000,0.414073
804.335000,0.414055
804.342000,0.413933
804.349000,0.413843
804.356000,0.413745
804.363000,0.413805
804.370000,0.413804
804.377000,0.413806
804.384000,0.413825
804.391000,0.413703
804.398000,0.413588
804.405000,0.413490
804.412000,0.413520
804.419000,0.413610
804.426000,0.413639
804.433000,0.413661
804.440000,0.413661
804.447000,0.413518
804.454000,0.413388
804.461000,0.413266
804.468000,0.413148
804.475000,0.413035
804.482000,0.413036
804.489000,0.413039
804.496000,0.412921
804.503000,0.412825
804.510000,0.412732
804.517000,0.412652
804.524000,0.412557
804.531000,0.412473
804.538000,0.412603
804.545000,0.412503
804.552000,0.412391
804.559000,0.412319
804.566000,0.412279
804.573000,0.412383
804.580000,0.412270
804.587000,0.412344
804.594000,0.412226
804.601000,0.412301
804.608000,0.412223
804.615000,0.412108
804.622000,0.411998
804.629000,0.411932
804.636000,0.411873
804.643000,0.412009
804.650000,0.411931
804.657000,0.411922
804.664000,0.411899
804.671000,0.411786
804.678000,0.411870
804.685000,0.411852
804.692000,0.411771
804.699000,0.411646
804.706000,0.411523
804.713000,0.411650
804.720000,0.411762
804.727000,0.411709
804.734000,0.411766
804.741000,0.411633
804.748000,0.411502
804.755000,0.411377
804.762000,0.411256
804.769000,0.411256
804.776000,0.411220
804.783000,0.411112
804.790000,0.410998
804.797000,0.410800
804.804000,0.410309
804.811000,0.409170
804.818000,0.407450
804.825000,0.405211
804.832000,0.402507
804.839000,0.399387
804.846000,0.395895
804.853000,0.392069
804.860000,0.387945
804.867000,0.383554
804.874000,0.378924
804.881000,0.374080
804.888000,0.369045
804.895000,0.363839
804.902000,0.358479
804.909000,0.352982
804.916000,0.347362
804.923000,0.341632
804.930000,0.335804
804.937000,0.329888
804.944000,0.323893
804.951000,0.317827
804.958000,0.311699
804.965000,0.305513
804.972000,0.299278
804.979000,0.292997
804.986000,0.286675
804.993000,0.280318
805.000000,0.273928
805.007000,0.267508
805.014000,0.261063
805.021000,0.254595
805.028000,0.248106
805.035000,0.241598
805.042000,0.235073
805.049000,0.228534
805.056000,0.221981
805.063000,0.215416
805.070000,0.208841
805.077000,0.202256
805.084000,0.195662
805.091000,0.189061
805.098000,0.182453
805.105000,0.175838
805.112000,0.169218
805.119000,0.162594
805.126000,0.155965
805.133000,0.149332
805.140000,0.142695
805.147000,0.136055
805.154000,0.129413
805.161000,0.122768
805.168000,0.116120
805.175000,0.109471
805.182000,0.102820
805.189000,0.096167
805.196000,0.089512
805.203000,0.082857
805.210000,0.076200
805.217000,0.069542
805.224000,0.062884
805.231000,0.056281
805.238000,0.050371
805.245000,0.045082
805.252000,0.040349
805.259000,0.036112
805.266000,0.032320
805.273000,0.028927
805.280000,0.025889
805.287000,0.023171
805.294000,0.020738
805.301000,0.018561
805.308000,0.016612
805.315000,0.014867
805.322000,0.013306
805.329000,0.011909
805.336000,0.010659
805.343000,0.009540
805.350000,0.008538
805.357000,0.007641
805.364000,0.006839
805.371000,0.006121
805.378000,0.005478
805.385000,0.004903
805.392000,0.004388
805.399000,0.003927
805.406000,0.003515
805.413000,0.003146
805.420000,0.002816
805.427000,0.002520
805.434000,0.002255
805.441000,0.002019
805.448000,0.001807
805.455000,0.001617
805.462000,0.001447
805.469000,0.001295
805.476000,0.001159
805.483000,0.001038
805.490000,0.000929
805.497000,0.000831
805.504000,0.000744
805.511000,0.000666
805.518000,0.000596
805.525000,0.000533
805.532000,0.000477
805.539000,0.000427
805.546000,0.000382
805.553000,0.000342
805.560000,0.000306
805.567000,0.000274
805.574000,0.000245
805.581000,0.000220
805.588000,0.000196
805.595000,0.000176
805.602000,0.000157
805.609000,0.000141
805.616000,0.000126
805.623000,0.000113
805.630000,0.000101
805.637000,0.000090
805.644000,0.000081
805.651000,0.000072
805.658000,0.000065
805.665000,0.000058
805.672000,0.000052
805.679000,0.000046
805.686000,0.000042
805.693000,0.000037
805.700000,0.000033
805.707000,0.000030
805.714000,0.000027
805.721000,0.000024
805.728000,0.000021
805.735000,0.000069
805.742000,0.000062
805.749000,0.000055
805.756000,0.000049
805.763000,0.000044
805.770000,0.000040
805.777000,0.000035
805.784000,0.000032
805.791000,0.000028
805.798000,0.000025
805.805000,0.000073
805.812000,0.000065
805.819000,0.000058
805.826000,0.000052
805.833000,0.000047
805.840000,0.000042
805.847000,0.000037
805.853000,0.000033
805.861000,0.000030
805.868000,0.000077
805.875000,0.000069
805.882000,0.000061
805.889000,0.000055
805.896000,0.000049
805.903000,0.000044
805.910000,0.000039
805.917000,0.000035
805.924000,0.000032
805.931000,0.000078
805.938000,0.000070
805.945000,0.000063
805.952000,0.000056
805.959000,0.000050
805.966000,0.000045
805.973000,0.000040
805.980000,0.000036
805.987000,0.000082
805.994000,0.000074
806.001000,0.000066
806.008000,0.000059
806.015000,0.000053
806.022000,0.000047
806.029000,0.000042
806.036000,0.000038
806.042000,0.000084
806.050000,0.000075
806.057000,0.000067
806.064000,0.000060
806.071000,0.000054
806.078000,0.000048
806.085000,0.000043
806.092000,0.000088
806.099000,0.000079
806.106000,0.000071
806.113000,0.000063
806.120000,0.000057
806.127000,0.000051
806.134000,0.000045
806.141000,0.000091
806.148000,0.000081
806.155000,0.000073
806.162000,0.000065
806.169000,0.000058
806.176000,0.000052
806.183000,0.000047
806.190000,0.000092
806.197000,0.000082
806.204000,0.000073
806.211000,0.000066
806.218000,0.000059
806.225000,0.000053
806.232000,0.000047
806.239000,0.000095
806.246000,0.000085
806.253000,0.000076
806.260000,0.000068
806.267000,0.000061
806.274000,0.000054
806.281000,0.000099
806.288000,0.000088
806.295000,0.000079
806.302000,0.000071
806.309000,0.000063
806.316000,0.000057
806.323000,0.000101
806.330000,0.000090
806.337000,0.000081
806.344000,0.000072
806.351000,0.000065
806.358000,0.000058
806.365000,0.000102
806.372000,0.000091
806.379000,0.000082
806.386000,0.000073
806.393000,0.000065
806.400000,0.000058
806.407000,0.000102
806.414000,0.000092
806.421000,0.000082
806.428000,0.000073
806.435000,0.000066
806.442000,0.000059
806.448000,0.000105
806.456000,0.000094
806.463000,0.000084
806.470000,0.000075
806.477000,0.000068
806.483000,0.000111
806.491000,0.000099
806.498000,0.000089
806.505000,0.000079
806.512000,0.000071
806.519000,0.000063
806.526000,0.000110
806.533000,0.000098
806.540000,0.000088
806.547000,0.000079
806.554000,0.000070
806.561000,0.000113
806.568000,0.000101
806.575000,0.000090
806.582000,0.000081
806.589000,0.000072
806.596000,0.000115
806.603000,0.000103
806.610000,0.000092
806.617000,0.000082
806.624000,0.000074
806.631000,0.000116
806.638000,0.000104
806.645000,0.000093
806.652000,0.000083
806.659000,0.000074
806.666000,0.000117
806.673000,0.000104
806.680000,0.000094
806.687000,0.000084
806.694000,0.000075
806.700000,0.000117
806.708000,0.000105
806.715000,0.000094
806.722000,0.000084
806.729000,0.000075
806.736000,0.000117
806.743000,0.000105
806.750000,0.000094
806.757000,0.000084
806.764000,0.000075
806.771000,0.000067
806.778000,0.000110
806.785000,0.000099
806.792000,0.000088
806.799000,0.000079
806.806000,0.000071
806.813000,0.000113
806.820000,0.000102
806.827000,0.000091
806.834000,0.000081
806.841000,0.000073
806.848000,0.000065
806.855000,0.000108
806.862000,0.000097
806.869000,0.000087
806.876000,0.000078
806.883000,0.000070
806.890000,0.000062
806.897000,0.000106
806.904000,0.000095
806.911000,0.000085
806.918000,0.000076
806.925000,0.000068
806.932000,0.000061
806.939000,0.000104
806.946000,0.000093
806.953000,0.000084
806.960000,0.000075
806.967000,0.000067
806.974000,0.000060
806.981000,0.000104
806.988000,0.000093
806.995000,0.000083
807.002000,0.000074
807.009000,0.000067
807.016000,0.000060
807.023000,0.000053
807.030000,0.000094
807.037000,0.000084
807.044000,0.000075
807.051000,0.000068
807.058000,0.000060
807.065000,0.000054
807.072000,0.000098
807.079000,0.000088
807.086000,0.000079
807.093000,0.000071
807.100000,0.000063
807.107000,0.000057
807.114000,0.000051
807.121000,0.000095
807.128000,0.000085
807.135000,0.000076
807.142000,0.000068
807.149000,0.000061
807.156000,0.000055
807.163000,0.000049
807.170000,0.000094
807.177000,0.000084
807.184000,0.000075
807.191000,0.000067
807.198000,0.000060
807.205000,0.000054
807.212000,0.000048
807.219000,0.000043
807.226000,0.000089
807.233000,0.000079
807.240000,0.000071
807.247000,0.000064
807.254000,0.000057
807.261000,0.000051
807.268000,0.000046
807.275000,0.000041
807.282000,0.000086
807.289000,0.000077
807.296000,0.000069
807.303000,0.000062
807.310000,0.000055
807.317000,0.000050
807.324000,0.000044
807.331000,0.000040
807.338000,0.000036
807.345000,0.000078
807.352000,0.000070
807.359000,0.000063
807.366000,0.000056
807.373000,0.000050
807.380000,0.000045
807.387000,0.000040
807.394000,0.000036
807.401000,0.000032
807.408000,0.000075
807.415000,0.000067
807.422000,0.000060
807.429000,0.000054
807.436000,0.000048
807.443000,0.000043
807.450000,0.000039
807.457000,0.000035
807.464000,0.000031
807.471000,0.000078
807.478000,0.000069
807.485000,0.000062
807.492000,0.000056
807.499000,0.000050
807.506000,0.000045
807.513000,0.000040
807.520000,0.000036
807.527000,0.000032
807.534000,0.000029
807.541000,0.000026
807.548000,0.000073
807.555000,0.000065
807.562000,0.000058
807.569000,0.000052
807.576000,0.000047
807.583000,0.000042
807.590000,0.000037
807.597000,0.000034
807.604000,0.000030
807.611000,0.000027
807.618000,0.000024
807.625000,0.000021
807.632000,0.000069
807.639000,0.000062
807.646000,0.000055
807.653000,0.000050
807.660000,0.000044
807.667000,0.000040
807.674000,0.000036
807.681000,0.000032
807.688000,0.000028
807.695000,0.000025
807.702000,0.000023
807.709000,0.000020
807.716000,0.000018
807.723000,0.000016
807.730000,0.000015
807.737000,0.000060
807.744000,0.000053
807.751000,0.000048
807.758000,0.000043
807.765000,0.000038
807.772000,0.000034
807.779000,0.000031
807.786000,0.000027
807.793000,0.000025
807.800000,0.000022
807.807000,0.000020
807.814000,0.000018
807.821000,0.000016
807.828000,0.000014
807.835000,0.000013
807.842000,0.000011
807.849000,0.000010
807.856000,0.000009
807.863000,0.000059
807.870000,0.000052
807.877000,0.000047
807.884000,0.000042
807.891000,0.000038
807.898000,0.000034
807.905000,0.000030
807.912000,0.000027
807.919000,0.000024
807.926000,0.000022
807.933000,0.000019
807.940000,0.000017
807.947000,0.000015
807.954000,0.000014
807.961000,0.000012
807.968000,0.000011
807.975000,0.000010
807.982000,0.000009
807.989000,0.000008
807.996000,0.000007
808.003000,0.000006
808.010000,0.000006
808.017000,0.000005
808.024000,0.000005
808.031000,0.000004
808.038000,0.000004
808.045000,0.000003
808.052000,0.000003
808.059000,0.000003
808.066000,0.000002
808.073000,0.000002
808.080000,0.000002
808.087000,0.000002
808.094000,0.000002
808.101000,0.000001
808.108000,0.000001
808.115000,0.000001
808.122000,0.000001
808.129000,0.000001
808.134000,0.000001
808.143000,0.000001
808.150000,0.000001
808.157000,0.000001
808.164000,0.000000
808.171000,0.000000
808.178000,0.000000
808.185000,0.000000
808.192000,0.000000
808.199000,0.000000
808.206000,0.000000
808.213000,0.000000
808.220000,0.000000
808.227000,0.000000
808.234000,0.000000
808.241000,0.000000
808.248000,0.000000
808.255000,0.000000
808.262000,0.000000
808.269000,0.000000
808.276000,0.000000
808.283000,0.000000
808.290000,0.000000
808.297000,0.000000
808.304000,0.000000
808.311000,0.000000
808.318000,0.000000
808.325000,0.000000
808.332000,0.000000
808.339000,0.000000
808.346000,0.000000
808.353000,0.000000
808.360000,0.000000
808.367000,0.000000
808.374000,0.000000
808.381000,0.000000
808.388000,0.000000
808.395000,0.000000
808.402000,0.000000
808.409000,0.000000
808.416000,0.000000
808.423000,0.000000
808.430000,0.000000
808.437000,0.000000
808.444000,0.000000
808.451000,0.000000
808.458000,0.000000
808.465000,0.000000
808.472000,0.000000
808.479000,0.000000
808.486000,0.000000
808.493000,0.000000
808.500000,0.000000
808.507000,0.000000
808.514000,0.000000
808.521000,0.000000
808.528000,0.000000
808.535000,0.000000
808.542000,0.000000
808.549000,0.000000
808.556000,0.000000
808.563000,0.000000
808.570000,0.000000
808.577000,0.000000
808.584000,0.000000
808.591000,0.000000
808.598000,0.000000
808.605000,0.000000
808.612000,0.000000
808.619000,0.000000
808.626000,0.000000
808.633000,0.000000
808.640000,0.000000
808.647000,0.000000
808.654000,0.000000
808.661000,0.000000
808.668000,0.000000
808.675000,0.000000
808.682000,0.000000
808.689000,0.000000
808.696000,0.000000
808.703000,0.000000
808.710000,0.000000
808.717000,0.000000
808.724000,0.000000
808.730000,0.000000
808.738000,0.000000
808.744000,0.000000
808.752000,0.000000
808.759000,0.000000
808.766000,0.000000
808.773000,0.000000
808.780000,0.000000
808.787000,0.000000
808.794000,0.000000
808.801000,0.000000
808.808000,0.000000
808.815000,0.000000
808.822000,0.000000
808.829000,0.000000
808.836000,0.000000
808.843000,0.000000
808.850000,0.000000
808.857000,0.000000
808.864000,0.000000
808.871000,0.000000
808.878000,0.000000
808.885000,0.000000
808.892000,0.000000
808.899000,0.000000
808.906000,0.000000
808.913000,0.000000
808.920000,0.000000
808.927000,0.000000
808.934000,0.000000
808.941000,0.000000
808.948000,0.000000
808.955000,0.000000
808.962000,0.000000
808.969000,0.000000
808.976000,0.000000
808.983000,0.000000
808.990000,0.000000
808.997000,0.000000
809.004000,0.000000
809.011000,0.000000
809.018000,0.000000
809.025000,0.000000
809.031000,0.000000
809.039000,0.000000
809.046000,0.000000
809.053000,0.000000
809.060000,0.000000
809.067000,0.000000
809.074000,0.000000
809.081000,0.000000
809.088000,0.000000
809.095000,0.000000
809.102000,0.000000
809.109000,0.000000
809.116000,0.000000
809.123000,0.000000
809.130000,0.000000
809.137000,0.000000
809.144000,0.000000
809.151000,0.000000
809.158000,0.000000
809.165000,0.000000
809.172000,0.000000
809.179000,0.000000
809.186000,0.000000
809.193000,0.000000
809.200000,0.000000
809.207000,0.000000
809.214000,0.000000
809.221000,0.000000
809.228000,0.000000
809.235000,0.000000
809.242000,0.000000
809.249000,0.000000
809.256000,0.000000
809.263000,0.000000
809.270000,0.000000
809.277000,0.000000
809.284000,0.000000
809.291000,0.000000
809.298000,0.000000
809.305000,0.000000
809.312000,0.000000
809.319000,0.000000
809.326000,0.000000
809.333000,0.000000
809.340000,0.000000
809.347000,0.000000
809.354000,0.000000
809.361000,0.000000
809.368000,0.000000
809.375000,0.000000
809.382000,0.000000
809.389000,0.000000
809.396000,0.000000
809.403000,0.000000
809.410000,0.000000
809.417000,0.000000
809.424000,0.000000
809.431000,0.000000
809.438000,0.000000
809.445000,0.000000
809.452000,0.000000
809.459000,0.000000
809.466000,0.000000
809.472000,0.000000
809.480000,0.000000
809.487000,0.000000
809.494000,0.000000
809.501000,0.000000
809.508000,0.000000
809.515000,0.000000
809.522000,0.000000
809.529000,0.000000
809.536000,0.000000
809.543000,0.000000
809.550000,0.000000
809.557000,0.000000
809.563000,0.000000
809.571000,0.000000
809.578000,0.000000
809.585000,0.000000
809.592000,0.000000
809.599000,0.000000
809.606000,0.000000
809.613000,0.000000
809.620000,0.000000
809.627000,0.000000
809.633000,0.000000
809.641000,0.000000
809.648000,0.000000
809.655000,0.000000
809.662000,0.000000
809.669000,0.000000
809.676000,0.000000
809.683000,0.000000
809.690000,0.000000
809.697000,0.000000
809.704000,0.000000
809.711000,0.000000
809.718000,0.000000
809.725000,0.000000
809.732000,0.000000
809.739000,0.000000
809.746000,0.000000
809.753000,0.000000
809.760000,0.000000
809.767000,0.000000
809.774000,0.000000
809.781000,0.000000
809.788000,0.000000
809.795000,0.000000
809.802000,0.000000
809.809000,0.000000
809.816000,0.000000
809.823000,0.000000
809.830000,0.000000
809.837000,0.000000
809.844000,0.000000
809.851000,0.000000
809.857000,0.000000
809.865000,0.000000
809.872000,0.000000
809.879000,0.000000
809.886000,0.000000
809.893000,0.000000
809.900000,0.000000
809.907000,0.000000
809.914000,0.000000
809.921000,0.000000
809.928000,0.000000
809.935000,0.000000
809.942000,0.000000
809.949000,0.000000
809.956000,0.000000
809.963000,0.000000
809.970000,0.000000
809.977000,0.000000
809.984000,0.000000
809.991000,0.000000
809.998000,0.000000
810.005000,0.000000
810.012000,0.000000
810.019000,0.000000
810.026000,0.000000
810.033000,0.000000
810.040000,0.000000
810.047000,0.000000
810.054000,0.000000
810.061000,0.000000
810.068000,-0.000000
810.075000,0.000094
810.082000,0.000084
810.089000,0.000075
810.096000,0.000067
810.103000,0.000060
810.110000,0.000054
810.117000,0.000048
810.124000,0.000043
810.131000,0.000039
810.138000,0.000035
810.145000,0.000031
810.152000,0.000028
810.159000,0.000025
810.166000,0.000022
810.173000,0.000020
810.180000,0.000018
810.187000,0.000016
810.194000,0.000014
810.201000,0.000013
810.208000,0.000011
810.215000,0.000010
810.222000,0.000009
810.229000,0.000008
810.236000,0.000007
810.242000,0.000007
810.250000,0.000006
810.257000,0.000005
810.264000,0.000005
810.271000,0.000004
810.278000,0.000004
810.285000,0.000003
810.292000,0.000003
810.299000,0.000003
810.306000,0.000002
810.313000,0.000002
810.320000,0.000002
810.327000,0.000002
810.334000,0.000002
810.341000,0.000001
810.348000,0.000001
810.355000,0.000001
810.362000,0.000001
810.369000,0.000001
810.376000,0.000001
810.383000,0.000001
810.390000,0.000001
810.397000,0.000001
810.404000,0.000001
810.411000,0.000000
810.418000,0.000000
810.425000,0.000000
810.432000,0.000000
810.439000,0.000000
810.446000,0.000000
810.453000,0.000000
810.460000,0.000000
810.467000,0.000000
810.474000,0.000000
810.481000,0.000000
810.488000,0.000000
810.495000,0.000000
810.502000,0.000000
810.509000,0.000000
810.516000,0.000000
810.523000,0.000000
810.530000,0.000000
810.537000,0.000000
810.544000,0.000000
810.551000,0.000000
810.558000,0.000000
810.565000,0.000000
810.572000,0.000000
810.579000,0.000000
810.586000,0.000000
810.593000,0.000000
810.600000,0.000000
810.607000,0.000000
810.614000,0.000000
810.621000,0.000000
810.628000,0.000000
810.635000,0.000000
810.642000,0.000000
810.649000,0.000000
810.656000,0.000000
810.663000,0.000000
810.670000,0.000000
810.677000,0.000000
810.684000,0.000000
810.691000,0.000000
810.696000,0.000000
810.705000,0.000000
810.712000,0.000000
810.719000,0.000000
810.726000,0.000000
810.733000,0.000000
810.740000,0.000000
810.747000,0.000000
810.754000,0.000000
810.761000,0.000000
810.768000,0.000000
810.775000,0.000000
810.782000,0.000000
810.789000,0.000000
810.796000,0.000000
810.803000,0.000000
810.810000,0.000000
810.817000,0.000000
810.824000,0.000000
810.831000,0.000000
810.838000,0.000000
810.845000,0.000000
810.852000,0.000000
810.859000,0.000000
810.866000,0.000000
810.873000,0.000000
810.880000,0.000000
810.887000,0.000000
810.894000,0.000000
810.901000,0.000000
810.908000,0.000000
810.915000,0.000000
810.922000,0.000000
810.929000,0.000000
810.936000,0.000000
810.943000,0.000000
810.950000,0.000000
810.957000,0.000000
810.964000,0.000000
810.971000,0.000000
810.978000,0.000000
810.985000,0.000000
810.992000,0.000000
810.999000,0.000000
811.006000,0.000000
811.013000,0.000000
811.020000,0.000000
811.027000,0.000000
811.034000,0.000000
811.041000,0.000000
811.048000,0.000000
811.055000,0.000000
811.062000,0.000000
811.069000,0.000000
811.076000,0.000000
811.083000,0.000000
811.090000,0.000000
811.097000,0.000000
811.104000,0.000000
811.111000,-0.000000
811.118000,0.000016
811.125000,0.000014
811.132000,0.000012
811.139000,0.000011
811.146000,0.000010
811.153000,0.000009
811.160000,0.000008
811.167000,0.000007
811.174000,0.000006
811.181000,0.000006
811.188000,0.000005
811.195000,0.000005
811.202000,0.000004
811.209000,0.000004
811.216000,0.000003
811.223000,0.000003
811.230000,0.000003
811.237000,0.000002
811.244000,0.000002
811.251000,0.000002
811.258000,0.000002
811.265000,0.000002
811.272000,0.000001
811.279000,0.000001
811.286000,0.000001
811.293000,0.000001
811.300000,0.000001
811.307000,0.000001
811.314000,0.000001
811.321000,0.000001
811.328000,0.000001
811.335000,0.000000
811.342000,0.000000
811.349000,0.000000
811.356000,0.000000
811.363000,0.000000
811.370000,0.000000
811.377000,0.000000
811.384000,0.000000
811.391000,0.000000
811.398000,0.000000
811.405000,0.000000
811.412000,0.000000
811.419000,0.000000
811.426000,0.000000
811.433000,0.000000
811.440000,0.000000
811.447000,0.000000
811.454000,0.000000
811.461000,0.000000
811.468000,0.000000
811.475000,0.000000
811.482000,0.000000
811.489000,0.000000
811.496000,0.000000
811.503000,0.000000
811.510000,0.000000
811.517000,0.000000
811.524000,0.000000
811.531000,0.000000
811.538000,0.000000
811.545000,0.000000
811.552000,0.000000
811.559000,0.000000
811.566000,0.000000
811.573000,0.000000
811.580000,0.000000
811.587000,0.000000
811.594000,0.000000
811.601000,0.000000
811.608000,0.000000
811.615000,0.000000
811.622000,0.000000
811.629000,0.000000
811.636000,0.000000
811.642000,0.000000
811.650000,0.000000
811.657000,0.000000
811.664000,0.000000
811.671000,0.000000
811.678000,0.000000
811.685000,0.000000
811.692000,0.000000
811.699000,0.000000
811.705000,0.000000
811.713000,0.000000
811.720000,0.000000
811.727000,0.000000
811.734000,0.000000
811.741000,0.000000
811.748000,0.000000
811.755000,0.000000
811.762000,0.000000
811.769000,0.000000
811.776000,0.000000
811.783000,0.000000
811.790000,0.000000
811.797000,0.000000
811.804000,0.000000
811.811000,0.000000
811.818000,0.000000
811.825000,0.000000
811.832000,0.000000
811.839000,0.000000
811.846000,0.000000
811.853000,0.000000
811.860000,0.000000
811.867000,0.000000
811.874000,0.000000
811.881000,0.000000
811.888000,0.000000
811.895000,0.000000
811.902000,0.000000
811.909000,0.000000
811.916000,0.000000
811.923000,0.000000
811.930000,0.000000
811.937000,0.000000
811.944000,0.000000
811.951000,0.000000
811.958000,0.000000
811.965000,0.000000
811.972000,0.000000
811.979000,0.000000
811.986000,0.000000
811.993000,0.000000
812.000000,0.000000
812.007000,-0.000000
812.014000,-0.000000
812.021000,-0.000000
812.028000,-0.000000
812.035000,-0.000000
812.042000,-0.000000
812.049000,-0.000000
812.056000,-0.000000
812.063000,-0.000000
812.070000,-0.000000
812.077000,-0.000000
812.084000,-0.000000
812.091000,-0.000000
812.098000,-0.000000
812.105000,-0.000000
812.112000,-0.000000
812.119000,-0.000000
812.126000,-0.000000
812.133000,-0.000000
812.140000,-0.000000
812.147000,-0.000000
812.154000,-0.000000
812.161000,-0.000000
812.168000,-0.000000
812.175000,-0.000000
812.182000,-0.000000
812.189000,-0.000000
812.196000,-0.000000
812.203000,-0.000000
812.210000,-0.000000
812.217000,-0.000000
812.224000,-0.000000
812.231000,-0.000000
812.238000,-0.000000
812.245000,-0.000000
812.252000,-0.000000
812.259000,-0.000000
812.266000,-0.000000
812.273000,-0.000000
812.280000,-0.000000
812.287000,-0.000000
812.294000,-0.000000
812.301000,-0.000000
812.308000,-0.000000
812.315000,-0.000000
812.322000,-0.000000
812.329000,-0.000000
812.336000,-0.000000
812.343000,-0.000000
812.350000,-0.000000
812.357000,-0.000000
812.364000,-0.000000
812.371000,-0.000000
812.378000,-0.000000
812.385000,-0.000000
812.392000,-0.000000
812.399000,-0.000000
812.406000,-0.000000
812.413000,-0.000000
812.420000,-0.000000
812.427000,-0.000000
812.434000,-0.000000
812.441000,-0.000000
812.448000,-0.000000
812.455000,-0.000000
812.462000,-0.000000
812.469000,-0.000000
812.476000,-0.000000
812.483000,-0.000000
812.490000,-0.000000
812.497000,-0.000000
812.504000,-0.000000
812.511000,-0.000000
812.518000,-0.000000
812.525000,-0.000000
812.532000,-0.000000
812.539000,-0.000000
812.546000,-0.000000
812.553000,-0.000000
812.560000,-0.000000
812.567000,-0.000000
812.574000,-0.000000
812.581000,-0.000000
812.588000,-0.000000
812.595000,-0.000000
812.601000,-0.000000
812.609000,-0.000000
812.616000,-0.000000
812.623000,-0.000000
812.630000,-0.000000
812.637000,-0.000000
812.644000,-0.000000
812.651000,-0.000000
812.658000,-0.000000
812.665000,-0.000000
812.672000,-0.000000
812.679000,-0.000000
812.686000,-0.000000
812.693000,-0.000000
812.700000,-0.000000
812.707000,-0.000000
812.714000,-0.000000
812.721000,-0.000000
812.728000,-0.000000
812.735000,-0.000000
812.742000,-0.000000
812.749000,-0.000000
812.756000,-0.000000
812.763000,-0.000000
812.770000,-0.000000
812.777000,-0.000000
812.784000,-0.000000
812.791000,-0.000000
812.798000,-0.000000
812.805000,-0.000000
812.812000,-0.000000
812.819000,-0.000000
812.826000,-0.000000
812.833000,-0.000000
812.840000,-0.000000
812.847000,-0.000000
812.854000,-0.000000
812.861000,-0.000000
812.868000,-0.000000
812.875000,-0.000000
812.882000,-0.000000
812.889000,-0.000000
812.896000,-0.000000
812.902000,-0.000000
812.910000,-0.000000
812.917000,-0.000000
812.924000,-0.000000
812.931000,-0.000000
812.938000,-0.000000
812.945000,-0.000000
812.952000,-0.000000
812.959000,-0.000000
812.966000,-0.000000
812.973000,-0.000000
812.980000,-0.000000
812.987000,-0.000000
812.994000,-0.000000
813.001000,-0.000000
813.008000,-0.000000
813.015000,-0.000000
813.022000,-0.000000
813.029000,-0.000000
813.036000,-0.000000
813.043000,-0.000000
813.050000,-0.000000
813.057000,-0.000000
813.064000,-0.000000
