label,trial,model,plugin_can_fire,mu,usable,carry_duration_s,final_z,lift_m,note,pad_dist_drift_mm,pad_separation_mm_mean,pad_separation_mm_range,pick_reported_holding,pick_succeeded,place_err_at_release_m,place_succeeded,q_at_stall_rad,slip_final_mm,slip_max_mm,slip_rate_mm_per_s,twist_final_deg,twist_max_deg,v_max_carry_mps,v_max_whole_trial_mps,window,z_min_during_carry,z_rest
mu0p5,1,probe_part_mu0p5_001,False,0.5,True,12.177999999999997,0.625,0.11578300000000008,,6.0925456189021645,101.74492939174392,0.3679622503018578,True,True,0.00873826641846083,True,0.40627856688353803,10.320167243120412,15.803878752079177,0.9983162189670051,18.53505667200756,30.387729414147387,0.2018082307129792,0.2018082307129792,grasp-to-release,0.624997,0.624999
mu0p5,2,probe_part_mu0p5_002,False,0.5,True,12.161999999999992,0.625,0.11581700000000006,,5.737893280534294,101.76530905139211,0.34989303822786155,True,True,0.009116435268239445,True,0.40680770356187007,10.366040302066141,15.146568143199822,0.8752647615945676,19.222713733077835,29.251499290247654,0.19711042758080216,0.19711042758080216,grasp-to-release,0.625007,0.624999
mu0p5,3,probe_part_mu0p5_003,False,0.5,True,12.11699999999999,0.625,0.11567899999999998,,5.8742962525089695,101.76379637638185,0.33999115208844444,True,True,0.009080534896139103,True,0.40734636307937294,10.464734961487338,15.592249713538672,0.8478337097539687,19.29337334479864,30.16296374945015,0.19920984409286055,0.19920984409286055,grasp-to-release,0.625001,0.624999
mu0p5,4,probe_part_mu0p5_004,False,0.5,True,12.144000000000005,0.625,0.11560800000000004,,5.86733109608079,101.76379216172835,0.27999244356054476,True,True,0.00897791390023318,True,0.4076242518547866,10.46081807722899,15.192170375187724,0.7359582268273106,19.303959301510005,29.360810904992043,0.18608744500887645,0.18608744500887645,grasp-to-release,0.624994,0.624999
mu0p5,5,probe_part_mu0p5_005,False,0.5,True,12.173000000000002,0.625,0.11575900000000006,,5.533465987965883,101.77882098527355,0.38097353910315235,True,True,0.009197585824552011,True,0.40651411322767034,10.529490925424824,14.565457675814699,0.7468377498289807,19.55204937698286,28.11377316672997,0.20160881814909523,0.20160881814909523,grasp-to-release,0.624999,0.624999
mu0p5,6,probe_part_mu0p5_006,False,0.5,True,12.157999999999959,0.625,0.11559700000000006,,6.432757739967229,101.72791288316265,0.3749711966124494,True,True,0.00861347966851957,True,0.4091919471897194,10.35682293940567,16.103791283125876,0.8952545682879166,18.366596441626044,30.864900647926575,0.19742763084562703,0.19742763084562703,grasp-to-release,0.624993,0.624999
mu0p5,7,probe_part_mu0p5_007,False,0.5,True,12.135999999999967,0.625,0.11547600000000002,,5.882157825576087,101.77580336526078,0.2949943618828428,True,True,0.009097393143093262,True,0.4072386470104576,10.40747993344912,15.883948384249283,0.5516550252071484,19.546495083109157,31.040964227964423,0.18472060653643377,0.18472060653643377,grasp-to-release,0.624999,0.624999
mu0p5,8,probe_part_mu0p5_008,False,0.5,True,12.183999999999969,0.025,0.11627900000000002,,4.434123576673898,101.72428832479257,0.3659514453339483,True,True,0.006276696264755876,True,0.40852204372470546,8.280134469870264,9.11780709815624,0.22343496185779094,13.945874368658973,15.972556479591569,0.1842681470030887,3.147366213693094,grasp-to-release,0.625016,0.624999
mu2p0,1,probe_part_mu2p0_001,False,2.0,True,12.203999999999994,0.625,0.11809900000000007,,5.514444631350386,101.78422525205603,0.3879708011531875,True,True,0.009089085322517313,True,0.4069641279325511,10.441920812948702,14.209886053760746,1.1983413958434315,19.662545406412473,27.53480843872003,0.18465064918628932,0.1954818463416828,grasp-to-release,0.624993,0.624999
mu2p0,2,probe_part_mu2p0_002,False,2.0,True,12.129000000000005,0.625,0.11873100000000003,,5.763558888604564,101.78330691375807,0.5349549154051658,True,True,0.009155768946407468,True,0.40989590420779476,10.432178523702733,14.87520075193038,1.3717789344595763,19.538008053085207,28.86111126877957,0.1968676056812401,0.1968676056812401,grasp-to-release,0.624995,0.624999
mu2p0,3,probe_part_mu2p0_003,False,2.0,True,12.158000000000015,0.025,0.11917900000000003,,2.7744369278299956,101.8168782647646,0.3679478294763925,True,True,0.0031471404480893413,True,0.40812029759788193,4.514008418420603,4.5176392470902185,0.4063113224684286,8.104994670357984,8.172938645629479,0.18461990379076962,3.297116042342103,grasp-to-release,0.624993,0.624999
mu2p0,4,probe_part_mu2p0_004,False,2.0,True,12.15700000000001,0.625,0.11998600000000004,,1.9493684560276137,101.8417052483078,0.2659769169924715,True,True,0.003821275834063806,True,0.41017539260061975,4.454687188551325,4.454687188551325,0.22860982870441382,8.49676293207477,8.497146188978691,0.18422640433866555,0.24694753107180092,grasp-to-release,0.625033,0.624999
mu2p0,5,probe_part_mu2p0_005,False,2.0,True,12.149999999999977,0.625,0.11929800000000002,,4.254010376560984,101.80711219996228,0.37896174754612844,True,True,0.00949890735821758,True,0.40715798856179236,10.534595986856282,10.534595986856282,0.609295189461986,20.275132594346807,20.275132594346807,0.18482988593473,0.18482988593473,grasp-to-release,0.624997,0.624999
mu2p0,6,probe_part_mu2p0_006,False,2.0,True,12.177999999999997,0.625,0.11685800000000002,,5.872451466956292,101.75908739859277,0.4339063012166804,True,True,0.009024585641457443,True,0.4080723408553318,10.366660199544576,15.723937673854453,1.3736533856132198,19.14601557257927,30.4132531365486,0.20913599380661768,0.20913599380661768,grasp-to-release,0.624996,0.624999
mu2p0,7,probe_part_mu2p0_007,False,2.0,True,12.119000000000028,0.025,0.11959799999999998,,0.8833759254393669,101.83943310963397,0.3149901246978004,True,True,0.000709933095439289,True,0.40681405738011794,1.2024813175224696,1.207434795799657,0.09153372018427848,1.1834423815080946,1.1944620578971903,0.18421087093473906,3.193791845588263,grasp-to-release,0.625,0.624999
mu2p0,8,probe_part_mu2p0_008,False,2.0,True,12.098000000000013,0.625,0.11639,,5.933390234266426,101.77153527296832,0.46394027962070084,True,True,0.00895895713797093,True,0.4077602208336077,10.420857017310443,14.876672453210409,1.1802821572467586,19.34440714695731,28.7207701942162,0.20302739708518883,0.20302739708518883,grasp-to-release,0.624997,0.624999
plugin_control,1,workpiece,True,1.0,True,12.124000000000002,0.625,0.11873100000000003,,5.859215088400475,101.75586519714449,0.32996780302926254,True,True,0.009111680031695558,True,0.40718450957674474,10.455888864676588,15.411493526409483,1.511276866767065,19.276519520896,29.738434178178245,0.20836679197995428,0.20836679197995428,grasp-to-release,0.624994,0.624999
plugin_control,2,workpiece,True,1.0,True,12.182999999999993,0.625,0.11933300000000002,,2.140068636951497,101.80024397937709,0.5809866438315368,True,True,0.002619846751243283,True,0.41058648579573004,3.4912163412061843,3.491893737164803,0.3123624851746855,6.1791411807846846,6.179900123090408,0.19265301366314208,0.21549500867869062,grasp-to-release,0.624997,0.624999
plugin_control,3,workpiece,True,1.0,True,12.191000000000003,0.025,0.11956299999999997,,1.6833457838408776,101.82634004584854,0.31696818636220314,True,True,0.0009541849925460156,True,0.4070805985969296,2.242260670281173,2.2428572111588765,0.2133469388927006,1.9543049414012625,1.9794989216237182,0.20118073342193626,3.352626466269075,grasp-to-release,0.624995,0.624999
plugin_control,4,workpiece,True,1.0,True,12.183999999999997,0.625,0.11937300000000006,,2.151103929247853,101.81014082910622,0.37696774222833085,True,True,0.0020669213821526817,True,0.406062566738211,3.266584222075094,3.2679882175939987,0.2904600854834792,5.214935340387624,5.218160061233999,0.20662220623908673,0.25422695272190854,grasp-to-release,0.624998,0.624999
plugin_control,5,workpiece,True,1.0,True,12.162999999999982,0.625,0.11921300000000001,,1.594931940777414,101.80247258730243,0.2889684899819258,True,True,0.0022948196007529756,True,0.4078185309114319,2.9005095810860695,2.9012455784991826,0.25945488122130506,4.959707664120245,4.960662445139492,0.20643512670673766,0.2545580411149706,grasp-to-release,0.625006,0.624999
plugin_control,6,workpiece,True,1.0,True,12.137999999999977,0.625,0.11919500000000005,,1.8693871779141915,101.82332471187912,0.40498285050129823,True,True,0.002232912000057318,True,0.4063502682723808,3.165348222945384,3.1667612031952803,0.24063357364195337,5.096919814958133,5.099563377353744,0.19847359832120084,0.2817874928659697,grasp-to-release,0.624998,0.624999
plugin_control,7,workpiece,True,1.0,True,12.189000000000021,0.625,0.11954100000000001,,0.5683400032350079,101.83726961495022,0.32299226490458466,True,True,0.00016065490966665096,True,0.4068229549154781,0.6302038329119695,0.6332622845926247,0.0339564078139548,0.1639623730686794,0.4870784274217785,0.18419831093498934,0.32325635393608554,grasp-to-release,0.624989,0.624999
plugin_control,8,workpiece,True,1.0,True,12.174999999999955,0.625,0.11883500000000002,,5.137597361416894,101.75962539617811,0.3689451292767387,True,True,0.009266380091492027,True,0.40777226565519326,10.499597050942446,12.822599293108905,1.3283810187394958,19.692481397252635,24.541471552811682,0.20398762557784209,0.20810186217697793,grasp-to-release,0.625007,0.624999
plugin_off,1,probe_part_plugin_off_001,False,1.0,True,12.124000000000002,0.625,0.11646800000000002,,5.868220854333913,101.77022854161353,0.49294072263457167,True,True,0.009097207098884817,True,0.40726383566633756,10.487021654097727,15.380950891412747,1.3349793788414435,19.41326621072025,29.737393689494382,0.19592585880580096,0.19592585880580096,grasp-to-release,0.624995,0.624999
plugin_off,2,probe_part_plugin_off_002,False,1.0,True,12.168000000000006,0.625,0.11921900000000007,,1.1479943296923665,101.8518005413123,0.2809837612587103,True,True,0.0015339530631671603,True,0.4072677952999046,1.9331752088967284,1.9339733526044378,0.1726973107726363,3.0939492962112722,3.0980378517952425,0.20707620268645485,0.21634852711581015,grasp-to-release,0.624997,0.624999
plugin_off,3,probe_part_plugin_off_003,False,1.0,True,12.144000000000005,0.624999,0.11624100000000004,,5.864988311723167,101.77466849284531,0.37691528398467256,True,True,0.008961164489060541,True,0.40961666460824775,10.630906401908643,14.860072662423073,1.0365424255365947,19.719315375885195,28.51480550713153,0.20417145306944023,0.20417145306944023,grasp-to-release,0.624998,0.624999
plugin_off,4,probe_part_plugin_off_004,False,1.0,True,12.181000000000012,0.625,0.119031,,5.256320901383901,101.7827360619007,0.5169996613592218,True,True,0.009401518281639388,True,0.41001322304423765,10.642625186586422,12.91920813518284,1.2604381462453833,20.1379778207771,24.917042636668608,0.21310222898840311,0.22012824195590738,grasp-to-release,0.624998,0.624999
plugin_off,5,probe_part_plugin_off_005,False,1.0,True,12.100999999999999,0.625,0.11835300000000004,,5.5247840836218955,101.77696837095681,0.5509676586701602,True,True,0.009500860855733024,True,0.41057445432116074,10.725103270368493,14.573804094330857,1.534810252449723,20.166173201570686,28.20766805605809,0.234933153847859,0.234933153847859,grasp-to-release,0.624993,0.624999
plugin_off,6,probe_part_plugin_off_006,False,1.0,True,12.123999999999967,0.025,0.119537,,0.7869977616117012,101.8111964318826,0.2839956502215273,True,True,0.0002067292915868481,True,0.40727436920022386,0.8889424943983881,0.8923991885165842,0.06004779220856236,0.22236097989058265,0.3060328736834893,0.18446480392987372,3.169680165172159,grasp-to-release,0.624996,0.624999
plugin_off,7,probe_part_plugin_off_007,False,1.0,True,12.124000000000024,0.625,0.11697600000000008,,5.883458964281516,101.74004751757862,0.395942955164827,True,True,0.008964292777458787,True,0.4085066001893589,10.40385043140732,15.354766930958274,1.2564316784323533,19.077505058960828,29.5351307710162,0.21092409821169425,0.21092409821169425,grasp-to-release,0.625015,0.624999
plugin_off,8,probe_part_plugin_off_008,False,1.0,True,12.165999999999997,0.625,0.11778100000000002,,5.674484934765303,101.75053818792036,0.48393145582825525,True,True,0.009223889418244341,True,0.4083545949577472,10.623707114316504,14.316888525072397,1.2846553341176181,19.630156492293192,27.436153861148835,0.20048029106937643,0.21602270399687298,grasp-to-release,0.624993,0.624999
plugin_on,1,workpiece,True,1.0,True,9.114999999999995,1.201293,0.576294,,0.0012229475778298138,97.00009242623379,0.0020900415899234304,False,False,0.509374382867847,False,,0.00038218840318331084,0.0014939421870374565,-5.192036400843044e-05,0.0,0.12807889190665556,0.24833545028396103,0.24833545028396103,airborne,0.676426,0.624999
plugin_on,2,workpiece,True,1.0,True,9.09899999999999,1.201243,0.5762440000000001,,0.0017749831053919252,96.99952985213405,0.0019182373812753895,False,False,0.5093210361667776,False,,0.00159663661742057,0.0019322511256455969,9.600953653700084e-05,0.0,0.2027350693826477,0.24833192890479464,0.24833192890479464,airborne,0.676072,0.624999
plugin_on,3,workpiece,True,1.0,True,9.144000000000005,1.201312,0.576313,,0.0014333048416403926,96.99992466714744,0.0020407655538718927,False,False,0.5092895489620811,False,,0.0008840631439799693,0.0016693885918009038,2.404653026327606e-05,0.0,0.15348539550679383,0.24836583182827152,0.24836583182827152,airborne,0.675401,0.624999
plugin_on,4,workpiece,True,1.0,True,9.131,1.201217,0.576218,,0.0017470210214867166,96.99959441216825,0.0020625319811387044,False,False,0.5093225237008472,False,,0.0011207680158526344,0.0019819997504432565,2.2757707569249444e-05,0.09881300929200593,0.2080675680590481,0.24873309439830715,0.24873309439830715,airborne,0.675283,0.624999
plugin_on,5,workpiece,True,1.0,True,8.812999999999988,1.201353,0.5763539999999999,,0.0012857292847598956,96.99951523944392,0.0018914380911354556,False,False,0.5093691383446783,False,,0.0011171213936153467,0.0015287015114669985,7.147860710857993e-05,0.0,0.06418639187596571,0.24827177038952475,0.24827177038952475,airborne,0.675094,0.624999
plugin_on,6,workpiece,True,1.0,True,9.117000000000019,1.201279,0.57628,,0.0011207895436626814,96.99958719536089,0.0020456789886083016,False,False,0.5092889413024791,False,,0.00013519312363064324,0.0017439240168870321,-0.00012200983938921424,0.14864241702662045,0.17016011149256552,0.2485950567129216,0.2485950567129216,airborne,0.675655,0.624999
plugin_on,7,workpiece,True,1.0,True,8.969999999999999,1.201271,0.576272,,0.0013193207210946412,96.99969282655724,0.0020099770210606493,False,False,0.5093063088446873,False,,0.0003756609937020076,0.0019376839137979353,-8.797880639608686e-05,0.0,0.17583800010311856,0.2483351597389435,0.2483351597389435,airborne,0.675971,0.624999
plugin_on,8,workpiece,True,1.0,True,8.650000000000034,1.201245,0.5762459999999999,,0.0015941302774820088,96.99986528284259,0.0023270921910807374,False,False,0.5093786513704711,False,,0.00027928569174131516,0.002092436347791053,-0.00013827621615220882,0.0,0.15380988413780813,0.24829306161179174,0.24829306161179174,airborne,0.675864,0.624999
step0p0005,1,probe_part_step0p0005_001,False,1.0,True,12.120999999999995,0.025,0.116309,,3.7912577678728496,101.89608110514777,0.30091754320970665,True,True,0.007584380264728325,True,0.40853172493908363,8.59163483515041,9.426087647040584,0.2250276671261339,16.290507215353962,17.98965616457162,0.1850340765032974,3.321823930785687,grasp-to-release,0.625012,0.624999
step0p0005,2,probe_part_step0p0005_002,False,1.0,True,12.099500000000006,0.025,0.11677100000000007,,3.378578755721179,101.89439684949723,0.3239222707400131,True,True,0.006989382304610324,True,0.40773131278774405,8.069607729991919,8.071886703550918,0.24780665981545494,15.27821592291307,15.278739238431466,0.18504698796574087,3.336485733916029,grasp-to-release,0.625011,0.624999
step0p0005,3,probe_part_step0p0005_003,False,1.0,True,12.095499999999987,0.625,0.11758200000000008,,6.140094764243997,101.8388688409376,0.39699910363243873,True,True,0.009065759151885748,True,0.4095138998568298,10.483661053691764,16.100017607672594,1.5281785872071059,19.89079211233522,31.711735054415254,0.24441151293324298,0.24441151293324298,grasp-to-release,0.624997,0.624999
step0p0005,4,probe_part_step0p0005_004,False,1.0,True,12.111999999999995,0.025,0.11672500000000008,,3.508488583500494,101.91524620362375,0.14999579655474804,True,True,0.007891189327344778,True,0.40727998406791865,8.796543858358424,8.815331539911408,0.5051075251882748,16.830505404332655,16.86662697222634,0.18493887572669201,3.2769986149572157,grasp-to-release,0.625007,0.624999
step0p0005,5,probe_part_step0p0005_005,False,1.0,True,12.117999999999995,0.025,0.116475,,3.6263797611040047,101.84293521886947,0.4299139473378517,True,True,0.006469344634505133,True,0.40782664780770445,7.780065858539983,7.7823590707178605,0.2556456877264567,13.866020738410434,13.869137851754935,0.18444140710070686,3.278946780433237,grasp-to-release,0.62501,0.624999
step0p0005,6,probe_part_step0p0005_006,False,1.0,True,12.099500000000006,0.625,0.11955400000000005,,4.878670604263746,101.9426606795881,0.22697902965899175,True,True,0.010229238730228156,True,0.40818548156247964,10.920067962250805,16.110674519586166,0.9041804848110725,21.512450515185318,32.23973511002635,0.18645367312611646,0.22040961615123955,grasp-to-release,0.625009,0.624999
step0p0005,7,probe_part_step0p0005_007,False,1.0,True,12.108499999999992,0.025,0.11830400000000008,,4.264365409210683,101.1768561227924,2.0731305317149804,True,True,0.00614309693884121,True,0.4075059930641038,7.773046681660234,8.404050195273486,0.8117138668665753,13.525816302488332,15.209169416195351,0.18526319959765308,3.2910133172453073,grasp-to-release,0.625007,0.624999
step0p0005,8,probe_part_step0p0005_008,False,1.0,True,12.136500000000012,0.025,0.11897800000000003,,3.4428648231543804,101.42138221070589,2.0262474023917605,True,True,0.005978616060594636,True,0.40749947402408676,7.289056856187353,7.291704907512582,0.7825238424123404,13.319390080715547,13.33106535452456,0.18966042168997851,3.3326803151661752,grasp-to-release,0.625012,0.624999
step0p0005,9,probe_part_step0p0005_009,False,1.0,True,12.122500000000002,0.625,0.115954,,5.920741337688796,101.88130171570903,0.2790032811915779,True,True,0.00900840457572814,True,0.4082062779631789,10.504828446083817,15.34620235849491,0.8927016715995935,19.394483178542984,29.52765934270952,0.19628826873890218,0.22158437298013497,grasp-to-release,0.624999,0.624999
step0p0005,10,probe_part_step0p0005_010,False,1.0,True,12.093999999999994,0.025,0.11575200000000008,,5.285035144009825,101.8565052895828,0.3059377589732435,True,True,0.006864856007229902,True,0.40831835536493,8.11809216572891,12.925480651872567,0.5290252989673478,14.616645768990084,24.759355892834954,0.1848557996574322,3.359451172983072,grasp-to-release,0.624999,0.624999
step0p0005,11,probe_part_step0p0005_011,False,1.0,True,12.09499999999997,0.025,0.11939300000000008,,5.937474217012607,101.8961129816379,0.5238991620991982,True,True,0.015935620791170984,True,0.4087428714733972,16.878458551120232,16.879883727645566,1.6349829629114554,34.09309561784181,34.260733570847876,0.18552216099941793,3.3596651325058002,grasp-to-release,0.625007,0.624999
step0p0005,12,probe_part_step0p0005_012,False,1.0,True,12.067999999999984,0.025,0.11864400000000008,,4.168406439064896,101.0666682271271,2.0743935078810978,True,True,0.005754939182997507,True,0.40818347366038377,7.331821186603255,7.3329965105357005,0.7470421069262366,12.548480098591861,12.677283803270763,0.18923072061683102,3.2700682636414933,grasp-to-release,0.624998,0.624999
step0p001,1,probe_part_step0p001_001,False,1.0,True,12.169000000000004,0.625,0.11885500000000004,,1.2903300187772686,101.79122846524066,0.3739702400503262,True,True,0.0009434452819321433,True,0.40767457482096864,1.8027286161952114,1.8057438065221074,0.11739707405363992,2.1451230282557066,2.8428949091232023,0.18419328969516535,0.238747070002688,grasp-to-release,0.625009,0.624999
step0p001,2,probe_part_step0p001_002,False,1.0,True,12.087999999999994,0.625,0.11941400000000002,,2.7460964281881814,101.84478193758244,0.2499851108464668,True,True,0.005605972261793663,True,0.40740580200766335,6.371316626067622,6.371316626067622,0.27011389491394877,12.123055710435565,12.123055710435565,0.19590051098479774,0.19590051098479774,grasp-to-release,0.624994,0.624999
step0p001,3,probe_part_step0p001_003,False,1.0,True,12.215000000000003,0.625,0.119336,,2.179054778416173,101.74549683275858,0.38596310124390243,True,True,0.002960351668298866,True,0.4061197158689322,3.8821518751720885,3.8827203462654154,0.36126649516539655,6.600828809913302,6.600828809913302,0.19925717424382441,0.19925717424382441,grasp-to-release,0.625002,0.624999
step0p001,4,probe_part_step0p001_004,False,1.0,True,12.159999999999997,0.625,0.11940300000000004,,1.1396285711893057,101.82641691666278,0.29198200844615485,True,True,0.0016342781281042853,True,0.4071877047289657,2.002456658022522,2.0038201921947323,0.1683337501634828,3.4561614851285323,3.4561687104545635,0.18429992463993042,0.287376272304464,grasp-to-release,0.624999,0.624999
step0p001,5,probe_part_step0p001_005,False,1.0,True,12.139999999999986,0.025,0.119444,,1.0344161395112224,101.84223402725699,0.2869778008507211,True,True,0.0006297753567741793,True,0.40735411697736146,1.4295209181584418,1.4332686167773494,0.110500385024324,1.3567904503213997,1.3681351732051403,0.18427101270286295,3.2971057638998102,grasp-to-release,0.624999,0.624999
step0p001,6,probe_part_step0p001_006,False,1.0,True,12.162000000000035,0.025,0.11922700000000008,,3.240354473021668,101.81447189328476,0.3559759896328387,True,True,0.004106950815386023,True,0.4066072698756449,5.625408633754621,5.626755292725326,0.5057555784916099,11.308803044765016,11.345006400223038,0.18652550466058562,3.2267562516309627,grasp-to-release,0.624994,0.624999
step0p001,7,probe_part_step0p001_007,False,1.0,True,12.101999999999975,0.625,0.11864799999999998,,6.07579607466856,101.767228431865,0.485961053140727,True,True,0.00884550654287247,True,0.40650260094092705,10.299306844131328,15.460575760261102,1.4884225632434636,19.275641016280517,30.13446725520888,0.2073726029384825,0.2073726029384825,grasp-to-release,0.624996,0.624999
step0p001,8,probe_part_step0p001_008,False,1.0,True,12.187999999999988,0.025,0.11969600000000002,,1.6226633991895483,101.83893500910841,0.33899001711435517,True,True,0.0015089758116020565,True,0.4064874822092257,2.3778522140325293,2.380470881833854,0.21897240264841034,2.7831113349520495,2.852975922983845,0.18520966452796275,3.3009532232468137,grasp-to-release,0.624996,0.624999
step0p001,9,probe_part_step0p001_009,False,1.0,True,12.140999999999963,0.624998,0.118529,,1.8603831143317962,101.8015755039256,0.3239729341332662,True,True,0.0023232823762943783,True,0.4091325903000076,3.2460200679537192,3.247412597602717,0.2509977715382182,5.4987206921368275,5.503118641903325,0.1918321930171662,0.23873236907526063,grasp-to-release,0.624995,0.624999
step0p001,10,probe_part_step0p001_010,False,1.0,True,12.160000000000025,0.625,0.11729200000000006,,6.054942937572292,101.75563342731287,0.2659837400228042,True,True,0.009009649105264878,True,0.4083824881137722,10.400079451243657,15.492886074584264,1.241726494221562,19.237789537350082,29.97620380669529,0.20651628315080803,0.20651628315080803,grasp-to-release,0.624993,0.624999
step0p001,11,probe_part_step0p001_011,False,1.0,True,12.147000000000048,0.625,0.11952499999999999,,1.3645768115657262,101.83254265772078,0.2919807473745806,True,True,0.0010256948864062626,True,0.409264075724247,1.8586934683350458,1.883766067797262,0.14498978277443186,2.421466577294781,3.299231966319644,0.18418555945746057,0.3124021176343646,grasp-to-release,0.624994,0.624999
step0p001,12,probe_part_step0p001_012,False,1.0,True,12.09699999999998,0.625,0.118749,,5.287393697666914,101.79113779587387,0.41997007671088227,True,True,0.009530499095010716,True,0.409860221080446,10.70477736102755,14.12106608833908,1.413789179582702,20.40005681298628,27.47934762375779,0.27872005319821186,0.27872005319821186,grasp-to-release,0.624995,0.624999
step0p001,13,probe_part_step0p001_013,False,1.0,True,12.19900000000007,0.625,0.11925400000000008,,2.024704039155395,101.76449674958164,0.4419456008685785,True,True,0.0014858145913942047,True,0.407749987368813,2.827483574382923,2.8317329564594798,0.2584014887759509,3.389826277936808,3.558748833615043,0.19581272941163416,0.21220702172389416,grasp-to-release,0.625001,0.624999
step0p001,14,probe_part_step0p001_014,False,1.0,True,12.118000000000052,0.625,0.119533,,1.868657851189397,101.7437444815748,0.4509379819410526,True,True,0.0020515009139651505,True,0.40710923995412207,2.9354775613433395,2.9354775613433395,0.3131319913176008,4.482864324386517,4.517570257718609,0.1941514657845953,0.21206273571302203,grasp-to-release,0.624998,0.624999
step0p001,15,probe_part_step0p001_015,False,1.0,True,12.170999999999935,0.025,0.11926400000000004,,4.424162276896581,100.85921131093015,2.125307376678009,True,True,0.005143945956170241,True,0.4176410595728686,6.418306626836484,6.418306626836484,0.553012628753632,10.633125165610965,10.634935376147272,0.18566813987115868,3.276970722110168,grasp-to-release,0.624989,0.624999
step0p001,16,probe_part_step0p001_016,False,1.0,True,12.120000000000005,0.625,0.11881700000000006,,5.7911219747088865,101.76376827394624,0.40594167431493133,True,True,0.009369803519818342,True,0.40785492146257085,10.68682745341884,15.55207935242113,1.5145696204026478,19.799220518103517,30.042670319155782,0.20154850942712152,0.20154850942712152,grasp-to-release,0.625012,0.624999
step0p001,17,probe_part_step0p001_017,False,1.0,True,12.122999999999934,0.025,0.11948400000000003,,2.2537393150099234,101.8300939368286,0.41095905221348517,True,True,0.003069896578062524,True,0.4076622902029072,4.100569744230082,4.101659591620739,0.3009350557378083,8.495316487159963,8.55625175718119,0.1847976824307485,3.2870813650213773,grasp-to-release,0.625013,0.624999
step0p001,18,probe_part_step0p001_018,False,1.0,True,12.140999999999963,0.625,0.11809199999999997,,5.229633570889206,101.75136032462927,0.4249386398962969,True,True,0.00925813118291157,True,0.4099400332740874,10.63984221913714,12.391796637989728,1.2434540139915187,19.943508071668298,23.620875343503364,0.24795430372269353,0.24795430372269353,grasp-to-release,0.624995,0.624999
step0p001,19,probe_part_step0p001_019,False,1.0,True,12.131999999999948,0.625,0.119027,,4.753549050401247,101.73577714825464,0.4329723926167901,True,True,0.009084332501620551,True,0.4086537046821831,10.460072674907757,10.790588882296225,0.9077075703278451,19.61008909766842,20.321533301082606,0.19925941006542403,0.19925941006542403,grasp-to-release,0.624993,0.624999
step0p001,20,probe_part_step0p001_020,False,1.0,True,12.13900000000001,0.625,0.11913000000000007,,4.859692000668289,101.8223718167555,0.4509391831979741,True,True,0.009607923657065526,True,0.4062043839913617,10.60561574639928,12.708434046772657,1.3309167517256997,20.502138078771946,24.862581459419005,0.225387413381108,0.225387413381108,grasp-to-release,0.624999,0.624999
step0p002,1,probe_part_step0p002_001,False,1.0,True,12.215999999999994,0.025,0.119703,,1.8578385880144026,101.59017420765008,0.7279823560118643,True,True,0.0004557115315635578,True,0.41376918916972294,2.014228865956665,2.014228865956665,0.12969752644213084,0.6868739045342874,0.6882704922443671,0.18423704637293925,3.012007386212404,grasp-to-release,0.624989,0.624999
step0p002,2,probe_part_step0p002_002,False,1.0,True,12.23599999999999,0.625,0.11949700000000008,,1.8075290353504414,101.56074906843703,0.5209919277532435,True,True,0.00043061003239590486,True,0.40869171947289934,2.246193538166557,2.246193538166557,0.18006087350443156,0.750664791348899,0.7511473664181306,0.18428503737433843,0.24122058600191354,grasp-to-release,0.624995,0.624999
step0p002,3,probe_part_step0p002_003,False,1.0,True,12.210000000000008,0.625,0.119448,,1.5909939545303047,101.60832145965166,0.5299761481334428,True,True,0.0003623437594329462,True,0.4088899171921375,1.8750193699067916,1.8765028531562045,0.14703660668528235,0.6861754186801309,0.6868439446840241,0.1842703278312464,0.1842703278312464,grasp-to-release,0.624997,0.624999
step0p002,4,probe_part_step0p002_004,False,1.0,True,12.213999999999999,0.625,0.11961100000000002,,1.8583979955514565,101.56429118320524,0.5479905965724754,True,True,0.0003461170322304288,True,0.41096604479711746,2.1904607660309305,2.1904607660309305,0.18777026022458493,0.7309022185959492,0.7309022185959492,0.18425049199847338,0.18425049199847338,grasp-to-release,0.624993,0.624999
step0p002,5,probe_part_step0p002_005,False,1.0,True,12.26600000000002,0.025,0.119363,,2.2350359017291055,101.5272017433731,0.5269672041968789,True,True,0.00038568899387978573,True,0.41233344102287073,2.566947151847594,2.566947151847594,0.19225008323086606,0.7443356926923977,0.7567443308670765,0.1842106793326377,3.1654266425044626,grasp-to-release,0.624991,0.624999
step0p002,6,probe_part_step0p002_006,False,1.0,True,12.19599999999997,0.625,0.11954900000000002,,2.1118005666980224,101.56199523908042,0.6539785224349117,True,True,0.0003854166576576589,True,0.4113130227896387,2.4090150037601252,2.4090150037601252,0.18761568748969593,0.7897538328252556,0.7898882337239145,0.18581858760646844,0.18581858760646844,grasp-to-release,0.624993,0.624999
step0p002,7,probe_part_step0p002_007,False,1.0,True,12.228000000000009,0.625,0.11977100000000007,,1.371461739569142,101.66007915946943,0.6529855225190033,True,True,0.00040229963957229156,True,0.4082307976403313,1.635449336927661,1.635449336927661,0.12139147743197655,0.6904765555884634,0.690553874048688,0.1843904017240614,0.20700379089389004,grasp-to-release,0.624995,0.624999
step0p002,8,probe_part_step0p002_008,False,1.0,True,12.244000000000028,0.625,0.119456,,1.7958129533320601,101.58691964420636,0.5729790602958502,True,True,0.0003002682134359214,True,0.4086050590247735,2.107530437951571,2.107530437951571,0.16419318648382808,0.8242318035005735,0.8242318035005735,0.18425468786454757,0.20226203465864218,grasp-to-release,0.62499,0.624999
step0p002,9,probe_part_step0p002_009,False,1.0,True,12.255999999999972,0.625,0.11967800000000006,,1.4888565603592951,101.6069263305458,0.4479796220682175,True,True,0.0003675445551222308,True,0.40971563762477914,1.7353309818782157,1.7362692272941738,0.13998921677424087,0.6277012019121954,0.6277012019121954,0.1854042266847681,0.1854042266847681,grasp-to-release,0.624987,0.624999
step0p002,10,probe_part_step0p002_010,False,1.0,True,12.201999999999998,0.625,0.11958800000000003,,2.2601806709546963,101.52742129225736,0.6549919859617148,True,True,0.00040478389296017935,True,0.4097782918482161,2.7054688897450854,2.708300439386673,0.21484453341628504,0.8437689059441676,0.8437689059441676,0.1843738118041442,0.18462175397698574,grasp-to-release,0.624993,0.624999
step0p002,11,probe_part_step0p002_011,False,1.0,True,12.155999999999949,0.625,0.11955500000000008,,1.2070726157466396,101.67840650813112,0.6489820055685982,True,True,0.0003944426447533274,True,0.40709078384294417,1.5090793517279715,1.513465581538459,0.11602637912619236,0.6519609469611356,0.6670037422933072,0.1848923267744297,0.18564081125273962,grasp-to-release,0.624996,0.624999
step0p002,12,probe_part_step0p002_012,False,1.0,True,12.223999999999933,0.025,0.11964700000000006,,1.3911814595203538,101.61821683743555,0.5689778378799986,True,True,0.0003736361866843195,True,0.41269704119129585,1.5199060443424284,1.5199060443424284,0.10293194735996543,0.4689938541983162,0.47118823358586154,0.18425810028561354,2.9251071405886906,grasp-to-release,0.624992,0.624999
